/*
   _____                    _                    _______    _          _ _
  / ____|                  (_)                  |__   __|  | |        | | |
 | |     _ __ ___  __ _ _____  ___  _ __   ___     | | __ _| |__   ___| | | ___
 | |    | '__/ _ \/ _` |_  / |/ _ \| '_ \ / _ \    | |/ _` | '_ \ / _ \ | |/ _ \
 | |____| | |  __/ (_| |/ /| | (_) | | | |  __/    | | (_| | |_) |  __/ | |  __/
  \_____|_|  \___|\__,_/___|_|\___/|_| |_|\___|    |_|\__,_|_.__/ \___|_|_|\___|

*/

DROP TABLE IF EXISTS Scontrino CASCADE;
DROP TABLE IF EXISTS Vendita CASCADE;
DROP TABLE IF EXISTS Recensione CASCADE;
DROP TABLE IF EXISTS Riscatto CASCADE;
DROP TABLE IF EXISTS Cliente CASCADE;
DROP TABLE IF EXISTS Gadget CASCADE;
DROP TABLE IF EXISTS CdDvd CASCADE;
DROP TABLE IF EXISTS Scrittura CASCADE;
DROP TABLE IF EXISTS Libro CASCADE;
DROP TABLE IF EXISTS CasaEditrice CASCADE;
DROP TABLE IF EXISTS Autore CASCADE;
DROP TABLE IF EXISTS Prodotto CASCADE;
DROP TABLE IF EXISTS Dipendente CASCADE;
DROP TABLE IF EXISTS Sezione CASCADE;

CREATE TABLE Sezione(
    Nome VARCHAR(25) PRIMARY KEY NOT NULL,
    NumeroPiano INTEGER NOT NULL,
    NumeroScaffali INTEGER NOT NULL
);

CREATE TABLE Dipendente(
    CF CHAR(16) PRIMARY KEY NOT NULL,
    Nome VARCHAR(25) NOT NULL,
    Cognome VARCHAR(25) NOT NULL,
    Eta INTEGER NOT NULL,
    Stipendio INTEGER NOT NULL,
    Sesso CHAR(1) NOT NULL,
    Incarico VARCHAR(20) NOT NULL,
    Sezione VARCHAR(25) NOT NULL,
	
    FOREIGN KEY(Sezione) REFERENCES Sezione(Nome) ON DELETE CASCADE ON UPDATE CASCADE,
	CHECK((Incarico = 'cassiere' AND Sezione = 'Cassa') OR (Incarico <> 'cassiere' AND Sezione <> 'Cassa'))
);

CREATE TABLE Prodotto(
    EAN13 CHAR(13) PRIMARY KEY NOT NULL,
    Quantita INTEGER NOT NULL,
    Prezzo INTEGER NOT NULL,
    Titolo VARCHAR(60) NOT NULL,
    Anno INTEGER NOT NULL,
    Sezione VARCHAR(25) NOT NULL,

    FOREIGN KEY(Sezione) REFERENCES Sezione(Nome) ON DELETE CASCADE ON UPDATE CASCADE
);

CREATE TABLE Autore(
    CF CHAR(16) PRIMARY KEY NOT NULL,
    Nome VARCHAR(25) NOT NULL,
    Cognome VARCHAR(25) NOT NULL,
    Sesso CHAR(1) NOT NULL,
    Nazionalita VARCHAR(25) NOT NULL
);

CREATE TABLE CasaEditrice(
    PIVA VARCHAR(25) PRIMARY KEY NOT NULL,
    Nome VARCHAR(25) NOT NULL,
    Citta VARCHAR(25) NOT NULL,
    Email VARCHAR(25) NOT NULL,
    AnnoFondazione INTEGER NOT NULL
);

CREATE TABLE Libro(
    EAN13 CHAR(13) PRIMARY KEY NOT NULL,
    NumeroPagine INTEGER NOT NULL,
    CopertinaRigida BOOLEAN NOT NULL,
    CasaEditrice VARCHAR(25) NOT NULL,

    FOREIGN KEY(CasaEditrice) REFERENCES CasaEditrice(PIVA) ON DELETE CASCADE ON UPDATE CASCADE,
    FOREIGN KEY(EAN13) REFERENCES Prodotto(EAN13) ON DELETE CASCADE ON UPDATE CASCADE
);

CREATE TABLE Scrittura(
    Autore CHAR(16) NOT NULL,
    Libro CHAR(13) NOT NULL,

    PRIMARY KEY(Autore, Libro),
    FOREIGN KEY(Autore) REFERENCES Autore(CF) ON DELETE CASCADE ON UPDATE CASCADE,
    FOREIGN KEY(Libro) REFERENCES Libro(EAN13) ON DELETE CASCADE ON UPDATE CASCADE
);

CREATE TABLE CdDvd(
    EAN13 CHAR(13) PRIMARY KEY NOT NULL,
    Durata INTEGER NOT NULL,

    FOREIGN KEY(EAN13) REFERENCES Prodotto(EAN13) ON DELETE CASCADE ON UPDATE CASCADE
);

CREATE TABLE Gadget(
    Nome VARCHAR(50) PRIMARY KEY NOT NULL,
    Costo INTEGER NOT NULL
);

CREATE TABLE Cliente(
    CF CHAR(16) PRIMARY KEY NOT NULL,
    Nome VARCHAR(25) NOT NULL,
    Cognome VARCHAR(25) NOT NULL,
    Telefono CHAR(10) NOT NULL,
    Indirizzo VARCHAR(40) NOT NULL,
    Email VARCHAR(35) NOT NULL,
    NumeroTessera CHAR(6),
    Punti INTEGER,
	CHECK((NumeroTessera = NULL AND Punti = NULL) OR (NumeroTessera <> NULL AND Punti <> NULL))
);

CREATE TABLE Riscatto(
    Cliente CHAR(16) NOT NULL,
    Gadget VARCHAR(50) NOT NULL,
    Data TIMESTAMP NOT NULL,

    PRIMARY KEY(Cliente, Gadget),
    FOREIGN KEY(Cliente) REFERENCES Cliente(CF) ON DELETE CASCADE ON UPDATE CASCADE,
    FOREIGN KEY(Gadget) REFERENCES Gadget(Nome) ON DELETE CASCADE ON UPDATE CASCADE
);

CREATE TABLE Recensione(
    Cliente CHAR(16) NOT NULL,
    Libro CHAR(13) NOT NULL,
    Commento VARCHAR(100) NOT NULL,
    Punteggio INTEGER NOT NULL,
    Data TIMESTAMP NOT NULL,

    PRIMARY KEY(Cliente, Libro),
    FOREIGN KEY(Cliente) REFERENCES Cliente(CF) ON DELETE CASCADE ON UPDATE CASCADE,
    FOREIGN KEY(Libro) REFERENCES Libro(EAN13) ON DELETE CASCADE ON UPDATE CASCADE,
    CHECK(Punteggio >= 1 AND Punteggio <=5)
);

CREATE TABLE Vendita(
    Cliente CHAR(16) NOT NULL,
    Data TIMESTAMP NOT NULL,

    PRIMARY KEY(Cliente, Data),
    FOREIGN KEY(Cliente) REFERENCES Cliente(CF) ON DELETE CASCADE ON UPDATE CASCADE
);

CREATE TABLE Scontrino(
    Cliente CHAR(16) NOT NULL,
    Data TIMESTAMP NOT NULL,
    Prodotto CHAR(13) NOT NULL,
    Quantita INTEGER NOT NULL,

    PRIMARY KEY(Cliente, Data, Prodotto),
    FOREIGN KEY(Cliente, Data) REFERENCES Vendita(Cliente, Data) ON DELETE CASCADE ON UPDATE CASCADE,
    FOREIGN KEY(Prodotto) REFERENCES Prodotto(EAN13) ON DELETE CASCADE ON UPDATE CASCADE
);
/* FINE 157 */

/*
  _____                  _                            _          _______    _          _ _
 |  __ \                | |                          | |        |__   __|  | |        | | |
 | |__) |__  _ __   ___ | | __ _ _ __ ___   ___ _ __ | |_ ___      | | __ _| |__   ___| | | ___
 |  ___/ _ \| '_ \ / _ \| |/ _` | '_ ` _ \ / _ \ '_ \| __/ _ \     | |/ _` | '_ \ / _ \ | |/ _ \
 | |  | (_) | |_) | (_) | | (_| | | | | | |  __/ | | | || (_) |    | | (_| | |_) |  __/ | |  __/
 |_|   \___/| .__/ \___/|_|\__,_|_| |_| |_|\___|_| |_|\__\___/     |_|\__,_|_.__/ \___|_|_|\___|
            | |
            |_|

INSERT INTO Tabella VALUES(v1, v2, v3)
*/

INSERT INTO Sezione (Nome, NumeroPiano, NumeroScaffali)
VALUES
    ('Fiction', 2, 13),
    ('Dystopian', 3, 15),
    ('Romance', 4, 12),
    ('Adventure', 1, 12),
    ('Historical', 3, 7),
    ('Fantasy', 3, 9),
    ('Modernist', 1, 5),
    ('Epic', 1, 12),
    ('Psychological Fiction', 2, 13),
    ('Philosophical Fiction', 4, 10),
    ('Realism', 0, 5),
    ('Gothic', 4, 5),
    ('Realist', 0, 8),
    ('Magical Realism', 2, 8),
    ('Satire', 3, 10),
    ('Science Fiction', 4, 5),
    ('Horror', 3, 6),
    ('Post-apocalyptic', 0, 14),
    ('Children`s', 4, 14),
    ('Mystery', 4, 7),
    ('Young Adult', 2, 8),
    ('Thriller', 0, 13),
    ('Memoir', 2, 8),
	('Cassa', 0, 5),
    ('Children`s Literature', 4, 13);


INSERT INTO Dipendente (CF, Nome, Cognome, Eta, Stipendio, Sesso, Incarico, Sezione)
VALUES
    ('ABC123DEF456GHIJ', 'John', 'Doe', 29, 1845, 'M', 'esperto', 'Fantasy'),
    ('KLM789NOP123QRST', 'Jane', 'Smith', 34, 2321, 'F', 'esperto', 'Science Fiction'),
    ('UVW456XYZ789ABCD', 'Michael', 'Brown', 42, 1678, 'M', 'esperto', 'Mystery'),
	('EFG012HIJ345KLMN', 'Emily', 'Davis', 27, 2156, 'F', 'cassiere', 'Cassa'),
    ('OPQ678RST901UVWX', 'Chris', 'Wilson', 36, 1987, 'M', 'esperto', 'Romance'),
    ('YZA234BCD567EFGH', 'Sarah', 'Johnson', 31, 2444, 'F', 'esperto', 'Historical');

INSERT INTO Prodotto (EAN13, Quantita, Prezzo, Titolo, Anno, Sezione)
VALUES
    ('9908139973166', 10, 95, 'To Kill a Mockingbird', 1960, 'Fiction'),
    ('3653004225426', 10, 144, '1984', 1949, 'Dystopian'),
    ('6056810143028', 7, 17, 'Pride and Prejudice', 1813, 'Romance'),
    ('9761932674385', 19, 118, 'The Great Gatsby', 1925, 'Fiction'),
    ('2709922078239', 1, 37, 'Moby-Dick', 1851, 'Adventure'),
    ('3316029656659', 16, 54, 'War and Peace', 1869, 'Historical'),
    ('1690248005800', 9, 102, 'The Catcher in the Rye', 1951, 'Fiction'),
    ('7515475180196', 14, 15, 'The Hobbit', 1937, 'Fantasy'),
    ('1063121437289', 10, 108, 'Ulysses', 1922, 'Modernist'),
    ('2216709567102', 11, 138, 'The Odyssey', -800, 'Epic'),
    ('6498337905320', 18, 103, 'Crime and Punishment', 1866, 'Psychological Fiction'),
    ('9088124201643', 6, 33, 'The Brothers Karamazov', 1880, 'Philosophical Fiction'),
    ('1634270243584', 2, 7, 'Madame Bovary', 1857, 'Realism'),
    ('9221662537627', 12, 124, 'Jane Eyre', 1847, 'Gothic'),
    ('8846481393763', 14, 74, 'Brave New World', 1932, 'Dystopian'),
    ('2309803165745', 2, 40, 'Wuthering Heights', 1847, 'Gothic'),
    ('7348295966139', 11, 141, 'The Divine Comedy', 1320, 'Epic'),
    ('7097234041584', 8, 65, 'Anna Karenina', 1877, 'Realist'),
    ('6683288999892', 14, 120, 'One Hundred Years of Solitude', 1967, 'Magical Realism'),
    ('1928494585426', 11, 128, 'Catch-22', 1961, 'Satire'),
    ('3310983915256', 19, 48, 'The Catcher in the Rye', 1951, 'Fiction'),
    ('4308069686075', 12, 100, 'The Lord of the Rings', 1954, 'Fantasy'),
    ('4267846908030', 8, 131, 'Les Misérables', 1862, 'Historical'),
    ('1007284161411', 10, 150, 'Don Quixote', 1605, 'Adventure'),
    ('9315788347193', 14, 135, 'The Kite Runner', 2003, 'Fiction'),
    ('5464084057053', 18, 107, 'The Alchemist', 1988, 'Fiction'),
    ('8576478175489', 7, 85, 'Gone with the Wind', 1936, 'Historical'),
    ('1303950038367', 1, 118, 'Harry Potter and the Philosopher`s Stone', 1997, 'Fantasy'),
    ('4944132019531', 14, 133, 'The Grapes of Wrath', 1939, 'Fiction'),
    ('3096744078628', 12, 23, 'Slaughterhouse-Five', 1969, 'Science Fiction'),
    ('2217048278910', 13, 74, 'Beloved', 1987, 'Historical'),
    ('3540697843096', 19, 44, 'Great Expectations', 1861, 'Fiction'),
    ('3771486032746', 13, 85, 'The Adventures of Huckleberry Finn', 1884, 'Adventure'),
    ('6771042852861', 18, 9, 'Lolita', 1955, 'Fiction'),
    ('4178212721752', 11, 85, 'A Tale of Two Cities', 1859, 'Historical'),
    ('5728435617798', 19, 9, 'Frankenstein', 1818, 'Horror'),
    ('2118753817695', 16, 114, 'The Iliad', -800, 'Epic'),
    ('4182699633928', 8, 132, 'The Shining', 1977, 'Horror'),
    ('2655281188803', 20, 107, 'Dracula', 1897, 'Horror'),
    ('7741646742605', 5, 42, 'Middlemarch', 1871, 'Fiction'),
    ('3261018276327', 7, 146, 'Heart of Darkness', 1899, 'Fiction'),
    ('6338380481655', 16, 132, 'The Sun Also Rises', 1926, 'Fiction'),
    ('3020922937629', 18, 22, 'Fahrenheit 451', 1953, 'Dystopian'),
    ('9404376911357', 8, 38, 'Emma', 1815, 'Romance'),
    ('7343852461512', 13, 139, 'The Picture of Dorian Gray', 1890, 'Fiction'),
    ('8267232701413', 7, 39, 'The Old Man and the Sea', 1952, 'Fiction'),
    ('5218503570139', 5, 103, 'Lord of the Flies', 1954, 'Fiction'),
    ('8503144246922', 9, 54, 'Rebecca', 1938, 'Gothic'),
    ('1651168907114', 9, 27, 'The Handmaid`s Tale', 1985, 'Dystopian'),
    ('1247511049020', 2, 92, 'Dune', 1965, 'Science Fiction'),
    ('8484648510743', 19, 55, 'Animal Farm', 1945, 'Satire'),
    ('4597008590365', 18, 108, 'The Book Thief', 2005, 'Historical'),
    ('5943493798836', 16, 91, 'A Clockwork Orange', 1962, 'Dystopian'),
    ('2493073896888', 4, 111, 'The Road', 2006, 'Post-apocalyptic'),
    ('9958793340097', 5, 140, 'The Sound and the Fury', 1929, 'Modernist'),
    ('6045789053623', 20, 27, 'Invisible Man', 1952, 'Fiction'),
    ('3870526544078', 5, 94, 'Life of Pi', 2001, 'Adventure'),
    ('7275516807975', 8, 104, 'Memoirs of a Geisha', 1997, 'Historical'),
    ('3333170205043', 16, 11, 'The Name of the Rose', 1980, 'Historical'),
    ('4060574885574', 16, 66, 'The Count of Monte Cristo', 1844, 'Adventure'),
    ('2343314008672', 17, 52, 'A Passage to India', 1924, 'Historical'),
    ('1400639252763', 4, 108, 'The Time Traveler`s Wife', 2003, 'Romance'),
    ('9999937113097', 1, 45, 'The Secret Garden', 1911, 'Children`s'),
    ('5021231727153', 1, 97, 'Watership Down', 1972, 'Fantasy'),
    ('1254692904621', 3, 22, 'The Scarlet Letter', 1850, 'Fiction'),
    ('5425407382434', 14, 15, 'Of Mice and Men', 1937, 'Fiction'),
    ('3713929868439', 6, 150, 'The Hunchback of Notre-Dame', 1831, 'Historical'),
    ('1463355629631', 11, 131, 'The Bell Jar', 1963, 'Fiction'),
    ('4402463763581', 13, 90, 'A Farewell to Arms', 1929, 'Fiction'),
    ('1093152441276', 8, 30, 'The Giver', 1993, 'Dystopian'),
    ('7523145104222', 8, 135, 'The Stranger', 1942, 'Fiction'),
    ('4828141846787', 20, 17, 'The Wind-Up Bird Chronicle', 1994, 'Fiction'),
    ('8506631238972', 11, 13, 'The Hitchhiker`s Guide to the Galaxy', 1979, 'Science Fiction'),
    ('1877289185224', 10, 82, 'The Little Prince', 1943, 'Fiction'),
    ('4669516803488', 18, 11, 'The Metamorphosis', 1915, 'Fiction'),
    ('3084215337102', 2, 18, 'The Poisonwood Bible', 1998, 'Fiction'),
    ('2497825292357', 18, 30, 'The Shadow of the Wind', 2001, 'Mystery'),
    ('2972562034159', 20, 45, 'Good Omens', 1990, 'Fantasy'),
    ('9667938866103', 6, 53, 'The Fault in Our Stars', 2012, 'Young Adult'),
    ('7841283032310', 19, 20, 'A Song of Ice and Fire', 1996, 'Fantasy'),
    ('4771728851632', 2, 53, 'The Maze Runner', 2009, 'Young Adult'),
    ('9650384300965', 19, 29, 'The Hunger Games', 2008, 'Dystopian'),
    ('5831756503822', 9, 129, 'Ender`s Game', 1985, 'Science Fiction'),
    ('5119560704299', 19, 121, 'The Martian', 2011, 'Science Fiction'),
    ('6344066937958', 4, 149, 'The Goldfinch', 2013, 'Fiction'),
    ('5276391713978', 18, 55, 'The Girl with the Dragon Tattoo', 2005, 'Mystery'),
    ('8169029347142', 6, 78, 'American Gods', 2001, 'Fantasy'),
    ('9161198825027', 18, 9, 'The Secret History', 1992, 'Fiction'),
    ('6916532465341', 14, 37, 'The Night Circus', 2011, 'Fantasy'),
    ('6717612743042', 1, 139, 'Ready Player One', 2011, 'Science Fiction'),
    ('5830098722582', 2, 53, 'The Road', 2006, 'Fiction'),
    ('3315228074591', 10, 60, 'Never Let Me Go', 2005, 'Dystopian'),
    ('2858501638233', 3, 150, 'Fight Club', 1996, 'Fiction'),
    ('3485466895206', 20, 143, 'The Lovely Bones', 2002, 'Fiction'),
    ('7689410294217', 10, 23, 'The Help', 2009, 'Fiction'),
    ('1016152932678', 6, 79, 'Gone Girl', 2012, 'Thriller'),
    ('6993616725915', 16, 81, 'Big Little Lies', 2014, 'Fiction'),
    ('4661523682870', 7, 99, 'The Girl on the Train', 2015, 'Thriller'),
    ('2055988534622', 11, 103, 'Where the Crawdads Sing', 2018, 'Fiction'),
    ('6146004923031', 17, 132, 'Circe', 2018, 'Fantasy'),
    ('3771005877165', 20, 95, 'Educated', 2018, 'Memoir'),
    ('7864691624448', 5, 72, 'The Nightingale', 2015, 'Historical'),
    ('1807406792936', 7, 145, 'The Water Dancer', 2019, 'Fiction'),
    ('6565702399469', 15, 112, 'Normal People', 2018, 'Fiction'),
    ('3162947537950', 9, 101, 'Little Fires Everywhere', 2017, 'Fiction'),
    ('8683451838375', 9, 57, 'The Underground Railroad', 2016, 'Historical'),
    ('5151149974474', 13, 98, 'Station Eleven', 2014, 'Science Fiction'),
    ('9511190188027', 2, 17, 'The Immortalists', 2018, 'Fiction'),
    ('1062675576896', 11, 92, 'An American Marriage', 2018, 'Fiction'),
    ('6868600006922', 10, 51, 'Before We Were Strangers', 2015, 'Romance'),
    ('6991988792956', 13, 118, 'The Silent Patient', 2019, 'Thriller'),
    ('6746509961055', 7, 137, 'Eleanor Oliphant Is Completely Fine', 2017, 'Fiction'),
    ('1262314162307', 4, 69, 'The Outsider', 2018, 'Horror'),
    ('6494946166387', 3, 60, 'Daisy Jones & The Six', 2019, 'Fiction'),
    ('3104401643044', 17, 102, 'Red, White & Royal Blue', 2019, 'Romance'),
    ('3784013735488', 1, 120, 'A Man Called Ove', 2012, 'Fiction'),
    ('5366908066832', 20, 144, 'Becoming', 2018, 'Memoir'),
    ('3867096003398', 3, 12, 'The Light We Lost', 2017, 'Romance'),
    ('4193126493215', 9, 49, 'All the Light We Cannot See', 2014, 'Historical'),
    ('3034413155487', 6, 36, 'The Goldfinch', 2013, 'Fiction'),
    ('4233596323838', 11, 72, 'The Ocean at the End of the Lane', 2013, 'Fantasy'),
    ('1787832835311', 17, 31, 'The Lies of Locke Lamora', 2006, 'Fantasy'),
    ('1893551912626', 17, 59, 'The Girl with All the Gifts', 2014, 'Horror'),
    ('2774582361206', 15, 130, 'The Orphan Master`s Son', 2012, 'Fiction'),
    ('5299995448985', 3, 124, 'The Light Between Oceans', 2012, 'Historical'),
    ('8596061555116', 9, 60, 'The Night Circus', 2011, 'Fantasy'),
    ('8996080659924', 10, 56, 'Cloud Atlas', 2004, 'Fiction'),
    ('5860291953087', 14, 122, 'The Curious Incident of the Dog in the Night-Time', 2003, 'Fiction'),
    ('6660444881612', 6, 129, 'Life After Life', 2013, 'Fiction'),
    ('7157474787698', 2, 133, 'The Martian', 2011, 'Science Fiction'),
    ('8266571161642', 20, 123, 'The Rosie Project', 2013, 'Fiction'),
    ('4793032080843', 11, 35, 'The Cuckoo`s Calling', 2013, 'Mystery'),
    ('5956052634916', 17, 30, 'The Luminaries', 2013, 'Fiction'),
    ('4105457156630', 8, 17, 'The Fault in Our Stars', 2012, 'Young Adult'),
    ('4348833305271', 3, 25, 'The Perks of Being a Wallflower', 1999, 'Young Adult'),
    ('7267634080638', 20, 70, 'Looking for Alaska', 2005, 'Young Adult'),
    ('6883386959584', 18, 90, 'Paper Towns', 2008, 'Young Adult'),
    ('2330403486599', 20, 76, 'The Maze Runner', 2009, 'Young Adult'),
    ('7277112358911', 1, 95, 'The Hunger Games', 2008, 'Dystopian'),
    ('3893250809531', 3, 87, 'Divergent', 2011, 'Dystopian'),
    ('2616934277643', 1, 130, 'Insurgent', 2012, 'Dystopian'),
    ('2038051363087', 1, 19, 'Allegiant', 2013, 'Dystopian'),
    ('5424076190672', 12, 150, 'The 5th Wave', 2013, 'Science Fiction'),
    ('8901083264330', 1, 79, 'Red Queen', 2015, 'Fantasy'),
    ('4877191102008', 2, 8, 'Throne of Glass', 2012, 'Fantasy'),
    ('6179531551586', 13, 36, 'A Court of Thorns and Roses', 2015, 'Fantasy'),
    ('6847041149340', 20, 127, 'Shadow and Bone', 2012, 'Fantasy'),
    ('6787292479554', 15, 36, 'Six of Crows', 2015, 'Fantasy'),
    ('2383946587394', 2, 10, 'The Hate U Give', 2017, 'Fiction'),
    ('1891257372866', 17, 28, 'Children of Blood and Bone', 2018, 'Fantasy'),
    ('4389788408017', 14, 143, 'Cinder', 2012, 'Fantasy'),
    ('3732941060064', 14, 22, 'Scarlet', 2013, 'Fantasy'),
    ('5200796179013', 10, 6, 'Cress', 2014, 'Fantasy'),
    ('2996118123342', 20, 131, 'Winter', 2015, 'Fantasy'),
    ('5081857928100', 16, 129, 'Fangirl', 2013, 'Fiction'),
    ('3627314475044', 19, 51, 'Eleanor & Park', 2012, 'Fiction'),
    ('7021443627431', 7, 20, 'An Ember in the Ashes', 2015, 'Fantasy'),
    ('8088332305837', 12, 45, 'A Torch Against the Night', 2016, 'Fantasy'),
    ('1156725355536', 2, 125, 'A Reaper at the Gates', 2018, 'Fantasy'),
    ('1902273684084', 18, 11, 'The Wrath & the Dawn', 2015, 'Fantasy'),
    ('2514036453438', 19, 74, 'The Rose & the Dagger', 2016, 'Fantasy'),
    ('5917058737597', 17, 149, 'The Bone Season', 2013, 'Fantasy'),
    ('1880246849920', 12, 66, 'The Mime Order', 2015, 'Fantasy'),
    ('1884610284244', 16, 46, 'The Song Rising', 2017, 'Fantasy'),
    ('5929938684707', 11, 91, 'The Priory of the Orange Tree', 2019, 'Fantasy'),
    ('2919536243434', 17, 139, 'Caraval', 2017, 'Fantasy'),
    ('9968705456961', 6, 39, 'Legendary', 2018, 'Fantasy'),
    ('2468019126021', 2, 68, 'Finale', 2019, 'Fantasy'),
    ('7208725947681', 16, 142, 'The Red Pyramid', 2010, 'Fantasy'),
    ('2074044251030', 17, 22, 'The Throne of Fire', 2011, 'Fantasy'),
    ('7606672795967', 1, 12, 'The Serpent`s Shadow', 2012, 'Fantasy'),
    ('8881572717309', 7, 84, 'The Lightning Thief', 2005, 'Fantasy'),
    ('2410988461006', 15, 54, 'The Sea of Monsters', 2006, 'Fantasy'),
    ('7645288239043', 2, 127, 'The Titan`s Curse', 2007, 'Fantasy'),
    ('5098946335026', 1, 9, 'The Battle of the Labyrinth', 2008, 'Fantasy'),
    ('1424872448379', 11, 87, 'The Last Olympian', 2009, 'Fantasy'),
    ('4883430611060', 16, 87, 'The Lost Hero', 2010, 'Fantasy'),
    ('7998499769175', 20, 137, 'The Son of Neptune', 2011, 'Fantasy'),
    ('3562345455768', 15, 84, 'The Mark of Athena', 2012, 'Fantasy'),
    ('8849193159755', 13, 7, 'The House of Hades', 2013, 'Fantasy'),
    ('9558822413560', 19, 117, 'The Blood of Olympus', 2014, 'Fantasy'),
    ('8208728468273', 9, 121, 'The Sword of Summer', 2015, 'Fantasy'),
    ('1513967900830', 11, 80, 'The Hammer of Thor', 2016, 'Fantasy'),
    ('3900964791431', 8, 43, 'The Ship of the Dead', 2017, 'Fantasy'),
    ('4010588138980', 7, 11, 'The Hidden Oracle', 2016, 'Fantasy'),
    ('1325772573941', 5, 67, 'The Dark Prophecy', 2017, 'Fantasy'),
    ('4833387178110', 4, 106, 'The Burning Maze', 2018, 'Fantasy'),
    ('1297063070594', 1, 120, 'The Tyrant`s Tomb', 2019, 'Fantasy'),
    ('8278649964460', 19, 103, 'The Trials of Apollo: The Tower of Nero', 2020, 'Fantasy'),
    ('5165189473403', 14, 50, 'The Hunger Games', 2008, 'Dystopian'),
    ('9057161289300', 8, 76, 'Catching Fire', 2009, 'Dystopian'),
    ('3392247977146', 9, 57, 'Mockingjay', 2010, 'Dystopian'),
    ('7055413998914', 19, 70, 'The Ballad of Songbirds and Snakes', 2020, 'Dystopian'),
    ('5808539288722', 13, 30, 'Divergent', 2011, 'Dystopian'),
    ('2341324897735', 17, 143, 'Insurgent', 2012, 'Dystopian'),
    ('4865130870104', 6, 126, 'Allegiant', 2013, 'Dystopian'),
    ('9236883783159', 12, 49, 'Four: A Divergent Collection', 2014, 'Dystopian'),
    ('2984548660791', 13, 80, 'Legend', 2011, 'Dystopian'),
    ('2908717757667', 5, 84, 'Prodigy', 2013, 'Dystopian'),
    ('1190733562895', 17, 38, 'Champion', 2013, 'Dystopian'),
    ('5251229022129', 7, 144, 'Rebel', 2019, 'Dystopian'),
    ('3464870949193', 4, 33, 'The Selection', 2012, 'Romance'),
    ('2051349388114', 11, 36, 'The Elite', 2013, 'Romance'),
    ('7976366267458', 16, 93, 'The One', 2014, 'Romance'),
    ('3618165373013', 12, 97, 'The Heir', 2015, 'Romance'),
    ('5307552801985', 12, 23, 'The Crown', 2016, 'Romance'),
    ('4859627430715', 2, 125, 'The Prince', 2013, 'Romance'),
    ('6940858746122', 2, 95, 'The Guard', 2014, 'Romance'),
    ('1058671830135', 10, 75, 'The Favorite', 2015, 'Romance'),
    ('3682886040228', 17, 15, 'The Queen', 2014, 'Romance'),
    ('8522131193317', 16, 58, 'The Betrothed', 2020, 'Romance'),
    ('7538869035029', 10, 62, 'The Betrayed', 2021, 'Romance'),
    ('7974350828156', 16, 39, 'Shatter Me', 2011, 'Dystopian'),
    ('6843032935735', 11, 69, 'Unravel Me', 2013, 'Dystopian'),
    ('8090515292511', 19, 64, 'Ignite Me', 2014, 'Dystopian'),
    ('8534374430515', 19, 88, 'Restore Me', 2018, 'Dystopian'),
    ('2621942161547', 17, 57, 'Defy Me', 2019, 'Dystopian'),
    ('4573405622391', 7, 33, 'Imagine Me', 2020, 'Dystopian'),
    ('3196904004788', 9, 119, 'Unite Me', 2014, 'Dystopian'),
    ('8395977453528', 7, 129, 'Fracture Me', 2013, 'Dystopian'),
    ('4198281308049', 17, 92, 'Destroy Me', 2012, 'Dystopian'),
    ('7563186077854', 4, 85, 'The Cruel Prince', 2018, 'Fantasy'),
    ('5323367025716', 8, 113, 'The Wicked King', 2019, 'Fantasy'),
    ('7789670443852', 11, 32, 'The Queen of Nothing', 2019, 'Fantasy'),
    ('2561800180158', 18, 37, 'The Coldest Girl in Coldtown', 2013, 'Fantasy'),
    ('5343411153181', 6, 70, 'Tithe', 2002, 'Fantasy'),
    ('2500968510320', 8, 36, 'Valiant', 2005, 'Fantasy'),
    ('6302476968182', 15, 66, 'Ironside', 2007, 'Fantasy'),
    ('4268157780373', 1, 133, 'The Iron Trial', 2014, 'Fantasy'),
    ('5227682882722', 19, 7, 'The Copper Gauntlet', 2015, 'Fantasy'),
    ('4021618285601', 6, 100, 'The Bronze Key', 2016, 'Fantasy'),
    ('9580012940034', 4, 74, 'The Silver Mask', 2017, 'Fantasy'),
    ('9401050546092', 10, 96, 'The Golden Tower', 2018, 'Fantasy'),
    ('7900802275178', 3, 146, 'The Infernal Devices: Clockwork Angel', 2010, 'Fantasy'),
    ('5164216520987', 2, 120, 'Clockwork Prince', 2011, 'Fantasy'),
    ('9301543359209', 4, 29, 'Clockwork Princess', 2013, 'Fantasy'),
    ('9455213301062', 6, 126, 'The Mortal Instruments: City of Bones', 2007, 'Fantasy'),
    ('1733990930012', 20, 123, 'City of Ashes', 2008, 'Fantasy'),
    ('7877928790586', 7, 118, 'City of Glass', 2009, 'Fantasy'),
    ('2588437516248', 13, 82, 'City of Fallen Angels', 2011, 'Fantasy'),
    ('7038953277143', 4, 92, 'City of Lost Souls', 2012, 'Fantasy'),
    ('8581261964559', 8, 55, 'City of Heavenly Fire', 2014, 'Fantasy'),
    ('4980157936773', 20, 85, 'The Dark Artifices: Lady Midnight', 2016, 'Fantasy'),
    ('4246830011486', 5, 15, 'Lord of Shadows', 2017, 'Fantasy'),
    ('8689107797956', 1, 77, 'Queen of Air and Darkness', 2018, 'Fantasy'),
    ('7280552546902', 12, 40, 'The Last Hours: Chain of Gold', 2020, 'Fantasy'),
    ('2428784294117', 15, 46, 'Chain of Iron', 2021, 'Fantasy'),
    ('4630257422769', 11, 132, 'Chain of Thorns', 2023, 'Fantasy'),
    ('8099362970709', 12, 10, 'The Hunger Games', 2008, 'Dystopian'),
    ('2341104328401', 10, 12, 'Catching Fire', 2009, 'Dystopian'),
    ('7698045958008', 19, 24, 'Mockingjay', 2010, 'Dystopian'),
    ('7645092337292', 16, 78, 'The Ballad of Songbirds and Snakes', 2020, 'Dystopian'),
    ('5363279064844', 3, 47, 'Twilight', 2005, 'Fantasy'),
    ('7253871107463', 7, 150, 'New Moon', 2006, 'Fantasy'),
    ('7052452078705', 7, 74, 'Eclipse', 2007, 'Fantasy'),
    ('2373012391029', 19, 116, 'Breaking Dawn', 2008, 'Fantasy'),
    ('9994627267800', 20, 107, 'Midnight Sun', 2020, 'Fantasy'),
    ('9972432019843', 3, 119, 'The Host', 2008, 'Science Fiction'),
    ('3629836810681', 6, 26, 'Life and Death: Twilight Reimagined', 2015, 'Fantasy'),
    ('4144210926547', 3, 25, 'The Short Second Life of Bree Tanner', 2010, 'Fantasy'),
    ('3952060948959', 9, 21, 'The Mortal Instruments: City of Bones', 2007, 'Fantasy'),
    ('6518978474728', 2, 50, 'City of Ashes', 2008, 'Fantasy'),
    ('3670188988194', 2, 65, 'City of Glass', 2009, 'Fantasy'),
    ('1977493656379', 2, 7, 'City of Fallen Angels', 2011, 'Fantasy'),
    ('5094329487607', 7, 18, 'City of Lost Souls', 2012, 'Fantasy'),
    ('9411619899886', 5, 53, 'City of Heavenly Fire', 2014, 'Fantasy'),
    ('5028979401530', 10, 48, 'The Infernal Devices: Clockwork Angel', 2010, 'Fantasy'),
    ('2643960562451', 15, 134, 'Clockwork Prince', 2011, 'Fantasy'),
    ('5956304622161', 4, 109, 'Clockwork Princess', 2013, 'Fantasy'),
    ('7552291494555', 12, 92, 'The Dark Artifices: Lady Midnight', 2016, 'Fantasy'),
    ('2247161198705', 1, 9, 'Lord of Shadows', 2017, 'Fantasy'),
    ('1812196870543', 15, 29, 'Queen of Air and Darkness', 2018, 'Fantasy'),
    ('1015509544311', 7, 60, 'The Last Hours: Chain of Gold', 2020, 'Fantasy'),
    ('3187423834262', 3, 66, 'Chain of Iron', 2021, 'Fantasy'),
    ('6330191197988', 5, 51, 'Chain of Thorns', 2023, 'Fantasy'),
    ('2166894540139', 10, 29, 'Red Queen', 2015, 'Fantasy'),
    ('8680429781735', 5, 39, 'Glass Sword', 2016, 'Fantasy'),
    ('8842473780641', 3, 92, 'King`s Cage', 2017, 'Fantasy'),
    ('7659430771263', 1, 48, 'War Storm', 2018, 'Fantasy'),
    ('6151066312381', 4, 74, 'Broken Throne', 2019, 'Fantasy'),
    ('4181611758463', 11, 58, 'Cruel Crown', 2016, 'Fantasy'),
    ('1792728998897', 16, 45, 'A Court of Thorns and Roses', 2015, 'Fantasy'),
    ('3288007994017', 9, 126, 'A Court of Mist and Fury', 2016, 'Fantasy'),
    ('3947293998229', 3, 28, 'A Court of Wings and Ruin', 2017, 'Fantasy'),
    ('6930714255993', 19, 92, 'A Court of Frost and Starlight', 2018, 'Fantasy'),
    ('4716421833189', 12, 24, 'A Court of Silver Flames', 2021, 'Fantasy'),
    ('9262577252166', 1, 148, 'Throne of Glass', 2012, 'Fantasy'),
    ('6718253683624', 9, 137, 'Crown of Midnight', 2013, 'Fantasy'),
    ('4987439256353', 12, 85, 'Heir of Fire', 2014, 'Fantasy'),
    ('4502218644633', 7, 5, 'Queen of Shadows', 2015, 'Fantasy'),
    ('2473389603325', 8, 57, 'Empire of Storms', 2016, 'Fantasy'),
    ('6504603637837', 3, 74, 'Tower of Dawn', 2017, 'Fantasy'),
    ('6129435742938', 14, 15, 'Kingdom of Ash', 2018, 'Fantasy'),
    ('2318123561094', 20, 70, 'House of Earth and Blood', 2020, 'Fantasy'),
    ('6452043186677', 12, 134, 'House of Sky and Breath', 2022, 'Fantasy'),
    ('6285774810093', 15, 111, 'House of Flame and Shadow', 2024, 'Fantasy'),
    ('2201406782583', 2, 119, 'Shatter Me', 2011, 'Dystopian'),
    ('1956739934662', 3, 124, 'Unravel Me', 2013, 'Dystopian'),
    ('8825441095650', 17, 48, 'Ignite Me', 2014, 'Dystopian'),
    ('6264260324383', 9, 75, 'Restore Me', 2018, 'Dystopian'),
    ('1512202260968', 14, 85, 'Defy Me', 2019, 'Dystopian'),
    ('1550411352457', 2, 8, 'Imagine Me', 2020, 'Dystopian'),
    ('1864866988442', 16, 90, 'Unite Me', 2014, 'Dystopian'),
    ('9122595575872', 15, 106, 'Fracture Me', 2013, 'Dystopian'),
    ('6480662345775', 12, 143, 'Destroy Me', 2012, 'Dystopian'),
    ('6218091009218', 12, 29, 'The Cruel Prince', 2018, 'Fantasy'),
    ('3499920382234', 16, 83, 'The Wicked King', 2019, 'Fantasy'),
    ('7380864767539', 10, 82, 'The Queen of Nothing', 2019, 'Fantasy'),
    ('3940494668414', 2, 22, 'The Coldest Girl in Coldtown', 2013, 'Fantasy'),
    ('3143291611307', 6, 55, 'Tithe', 2002, 'Fantasy'),
    ('5786445016348', 15, 36, 'Valiant', 2005, 'Fantasy'),
    ('1962484981664', 10, 67, 'Ironside', 2007, 'Fantasy'),
    ('6144355670466', 7, 10, 'The Iron Trial', 2014, 'Fantasy'),
    ('1289822127069', 11, 83, 'The Copper Gauntlet', 2015, 'Fantasy'),
    ('1350800218729', 11, 102, 'The Bronze Key', 2016, 'Fantasy'),
    ('4503985572974', 13, 24, 'The Silver Mask', 2017, 'Fantasy'),
    ('2067371818906', 15, 16, 'The Golden Tower', 2018, 'Fantasy'),
    ('5409718046547', 11, 9, 'Harry Potter and the Sorcerer`s Stone', 1997, 'Fantasy'),
    ('1526104336139', 2, 8, 'Harry Potter and the Chamber of Secrets', 1998, 'Fantasy'),
    ('2496669624266', 11, 126, 'Harry Potter and the Prisoner of Azkaban', 1999, 'Fantasy'),
    ('5227784941331', 17, 65, 'Harry Potter and the Goblet of Fire', 2000, 'Fantasy'),
    ('8591359996955', 1, 121, 'Harry Potter and the Order of the Phoenix', 2003, 'Fantasy'),
    ('6186682202989', 10, 109, 'Harry Potter and the Half-Blood Prince', 2005, 'Fantasy'),
    ('2434594140119', 11, 92, 'Harry Potter and the Deathly Hallows', 2007, 'Fantasy'),
    ('4786170273507', 10, 142, 'The Hobbit', 1937, 'Fantasy'),
    ('3645065533683', 4, 87, 'The Fellowship of the Ring', 1954, 'Fantasy'),
    ('4699449158599', 4, 142, 'The Two Towers', 1954, 'Fantasy'),
    ('9850639130001', 6, 127, 'The Return of the King', 1955, 'Fantasy'),
    ('3888244500059', 10, 111, '1984', 1949, 'Dystopian'),
    ('2226901444059', 1, 79, 'Animal Farm', 1945, 'Satire'),
    ('5151707821730', 7, 6, 'Brave New World', 1932, 'Dystopian'),
    ('8917339139041', 3, 143, 'Fahrenheit 451', 1953, 'Dystopian'),
    ('6756341263709', 8, 79, 'The Handmaid`s Tale', 1985, 'Dystopian'),
    ('6924235960519', 20, 135, 'The Road', 2006, 'Dystopian'),
    ('3339415542601', 16, 17, 'Slaughterhouse-Five', 1969, 'Science Fiction'),
    ('1504309247850', 11, 148, 'Catch-22', 1961, 'Satire'),
    ('3039584313615', 17, 112, 'One Hundred Years of Solitude', 1967, 'Magical Realism'),
    ('3548650501257', 20, 40, 'Love in the Time of Cholera', 1985, 'Magical Realism'),
    ('4470403175866', 4, 100, 'The Great Gatsby', 1925, 'Fiction'),
    ('7758224685687', 4, 10, 'To Kill a Mockingbird', 1960, 'Fiction'),
    ('1935705806986', 13, 71, 'Pride and Prejudice', 1813, 'Romance'),
    ('8994385544411', 3, 138, 'Wuthering Heights', 1847, 'Fiction'),
    ('9697857867615', 16, 87, 'Jane Eyre', 1847, 'Fiction'),
    ('2804030853161', 1, 61, 'Little Women', 1868, 'Fiction'),
    ('3895458530363', 9, 13, 'Frankenstein', 1818, 'Fiction'),
    ('9716068609158', 3, 17, 'Dracula', 1897, 'Horror'),
    ('8814312683048', 19, 141, 'Moby-Dick', 1851, 'Fiction'),
    ('4254138481142', 9, 33, 'The Odyssey', -300, 'Epic'),
    ('9204422519864', 19, 31, 'The Iliad', -300, 'Epic'),
    ('7509357454624', 14, 132, 'The Catcher in the Rye', 1951, 'Fiction'),
    ('5243053874965', 4, 112, 'The Lord of the Flies', 1954, 'Fiction'),
    ('8207991801028', 7, 106, 'The Picture of Dorian Gray', 1890, 'Fiction'),
    ('4146445958329', 8, 130, 'Crime and Punishment', 1866, 'Fiction'),
    ('9044946053531', 1, 8, 'Anna Karenina', 1877, 'Fiction'),
    ('7641936148630', 12, 104, 'War and Peace', 1869, 'Fiction'),
    ('4478354872591', 11, 113, 'The Count of Monte Cristo', 1844, 'Fiction'),
    ('6780110152517', 15, 138, 'Les Misérables', 1862, 'Fiction'),
    ('9293765779012', 2, 120, 'Don Quixote', 1605, 'Fiction'),
    ('3560508473826', 2, 101, 'The Brothers Karamazov', 1880, 'Fiction'),
    ('7971444743441', 11, 86, 'Madame Bovary', 1857, 'Fiction'),
    ('7162343375351', 5, 134, 'Middlemarch', 1871, 'Fiction'),
    ('1707674852576', 19, 119, 'The Scarlet Letter', 1850, 'Fiction'),
    ('2914595800768', 9, 147, 'David Copperfield', 1850, 'Fiction'),
    ('7708755662269', 4, 46, 'A Tale of Two Cities', 1859, 'Fiction'),
    ('4087961784002', 3, 94, 'Great Expectations', 1860, 'Fiction'),
    ('8268055316591', 7, 124, 'Murder on the Orient Express', 1934, 'Mystery'),
    ('5405729915697', 17, 29, 'The Adventures of Sherlock Holmes', 1892, 'Mystery'),
    ('8843199009330', 19, 110, 'The Hound of the Baskervilles', 1902, 'Mystery'),
    ('9536618821785', 12, 145, 'The Strange Case of Dr. Jekyll and Mr. Hyde', 1886, 'Fiction'),
    ('3581373271843', 4, 132, 'The Time Machine', 1895, 'Science Fiction'),
    ('9768077584329', 12, 44, 'Twenty Thousand Leagues Under the Sea', 1870, 'Science Fiction'),
    ('4953728937603', 6, 75, 'The War of the Worlds', 1898, 'Science Fiction'),
    ('5068554261591', 4, 16, 'Journey to the Center of the Earth', 1864, 'Science Fiction'),
    ('7057862751747', 4, 20, 'The Call of the Wild', 1903, 'Fiction'),
    ('6003852876444', 19, 134, 'White Fang', 1906, 'Fiction'),
    ('6746546190865', 6, 28, 'Treasure Island', 1883, 'Fiction'),
    ('3812088079833', 5, 100, 'Robinson Crusoe', 1719, 'Fiction'),
    ('3950418258259', 14, 115, 'Gulliver`s Travels', 1726, 'Satire'),
    ('8575905108779', 1, 21, 'Mansfield Park', 1814, 'Romance'),
    ('6454626807548', 10, 37, 'Emma', 1815, 'Romance'),
    ('5182524277775', 2, 11, 'Sense and Sensibility', 1811, 'Romance'),
    ('6203751073682', 12, 68, 'Persuasion', 1817, 'Romance'),
    ('3839211189161', 1, 128, 'Northanger Abbey', 1817, 'Romance'),
    ('2529301549008', 2, 82, 'The Giver', 1993, 'Dystopian'),
    ('2985786441977', 4, 31, 'The Outsiders', 1967, 'Young Adult'),
    ('1716346286109', 20, 145, 'Are You There God? It`s Me, Margaret.', 1970, 'Young Adult'),
    ('8497915999483', 10, 76, 'The Catcher in the Rye', 1951, 'Young Adult'),
    ('7374109191092', 20, 90, 'Lord of the Flies', 1954, 'Young Adult'),
    ('3037346525910', 18, 136, 'The Golden Compass', 1995, 'Fantasy'),
    ('7901099196080', 15, 103, 'The Subtle Knife', 1997, 'Fantasy'),
    ('2862579001033', 5, 33, 'The Amber Spyglass', 2000, 'Fantasy'),
    ('9175833406998', 5, 123, 'His Dark Materials', 2019, 'Fantasy'),
    ('8353509034768', 18, 71, 'The Lion, the Witch and the Wardrobe', 1950, 'Fantasy'),
    ('7732461887399', 19, 55, 'Prince Caspian', 1951, 'Fantasy'),
    ('3681023244641', 2, 107, 'The Voyage of the Dawn Treader', 1952, 'Fantasy'),
    ('4523747082382', 20, 118, 'The Silver Chair', 1953, 'Fantasy'),
    ('9957391117886', 18, 141, 'The Horse and His Boy', 1954, 'Fantasy'),
    ('7263227813393', 10, 76, 'The Magician`s Nephew', 1955, 'Fantasy'),
    ('9722979623279', 20, 65, 'The Last Battle', 1956, 'Fantasy'),
    ('5683733494374', 11, 12, 'The Magicians', 2009, 'Fantasy'),
    ('7698043905422', 7, 14, 'The Magician King', 2011, 'Fantasy'),
    ('5848299929037', 17, 33, 'The Magician`s Land', 2014, 'Fantasy'),
    ('3958421919129', 8, 128, 'The Name of the Wind', 2007, 'Fantasy'),
    ('8086780897833', 1, 77, 'The Wise Man`s Fear', 2011, 'Fantasy'),
    ('8267589331724', 16, 14, 'The Doors of Stone', 2000, 'Fantasy'),
    ('3046531461440', 10, 99, 'The Slow Regard of Silent Things', 2014, 'Fantasy'),
    ('5451978145267', 10, 101, 'The Lightning Thief', 2005, 'Fantasy'),
    ('1615345132458', 18, 35, 'The Sea of Monsters', 2006, 'Fantasy'),
    ('5636882267252', 1, 53, 'The Titan`s Curse', 2007, 'Fantasy'),
    ('9500225539197', 6, 44, 'The Battle of the Labyrinth', 2008, 'Fantasy'),
    ('4749915496040', 17, 77, 'The Last Olympian', 2009, 'Fantasy'),
    ('2135044891889', 19, 148, 'The Lost Hero', 2010, 'Fantasy'),
    ('1426624056804', 8, 69, 'The Son of Neptune', 2011, 'Fantasy'),
    ('9090211432321', 14, 47, 'The Mark of Athena', 2012, 'Fantasy'),
    ('6495530044775', 15, 10, 'The House of Hades', 2013, 'Fantasy'),
    ('8812699047580', 8, 42, 'The Blood of Olympus', 2014, 'Fantasy'),
    ('7865442455373', 15, 76, 'The Red Pyramid', 2010, 'Fantasy'),
    ('1709037340759', 12, 24, 'The Throne of Fire', 2011, 'Fantasy'),
    ('6493472587410', 20, 21, 'The Serpent`s Shadow', 2012, 'Fantasy'),
    ('1963759630170', 9, 102, 'The Sword of Summer', 2015, 'Fantasy'),
    ('6500970637799', 9, 52, 'The Hammer of Thor', 2016, 'Fantasy'),
    ('3064444022873', 7, 47, 'The Ship of the Dead', 2017, 'Fantasy'),
    ('5502864251960', 20, 74, 'The Hidden Oracle', 2016, 'Fantasy'),
    ('8123494514847', 4, 106, 'The Dark Prophecy', 2017, 'Fantasy'),
    ('7923401035421', 4, 86, 'The Burning Maze', 2018, 'Fantasy'),
    ('5587311544722', 6, 85, 'The Tyrant`s Tomb', 2019, 'Fantasy'),
    ('4226313136990', 8, 138, 'The Tower of Nero', 2020, 'Fantasy'),
    ('3180671815127', 1, 21, 'Eragon', 2002, 'Fantasy'),
    ('4275559660828', 2, 39, 'Eldest', 2005, 'Fantasy'),
    ('6821612792016', 10, 42, 'Brisingr', 2008, 'Fantasy'),
    ('9037778322078', 19, 135, 'Inheritance', 2011, 'Fantasy'),
    ('4000104952544', 14, 112, 'The Fork, the Witch, and the Worm', 2018, 'Fantasy'),
    ('8330561081724', 10, 71, 'To Sleep in a Sea of Stars', 2020, 'Science Fiction'),
    ('5644214372477', 1, 43, 'Divergent', 2011, 'Dystopian'),
    ('5973140622356', 9, 104, 'Insurgent', 2012, 'Dystopian'),
    ('9933968778451', 9, 142, 'Allegiant', 2013, 'Dystopian'),
    ('3032610207274', 11, 20, 'Four', 2014, 'Dystopian'),
    ('5516208416776', 19, 6, 'Carve the Mark', 2017, 'Science Fiction'),
    ('1651739711996', 6, 86, 'The Fates Divide', 2018, 'Science Fiction'),
    ('9532297840489', 15, 73, 'Legend', 2011, 'Dystopian'),
    ('6311893481236', 4, 77, 'Prodigy', 2013, 'Dystopian'),
    ('4096698275305', 20, 77, 'Champion', 2013, 'Dystopian'),
    ('1676884829281', 16, 56, 'Rebel', 2019, 'Dystopian'),
    ('3940724084086', 9, 59, 'The Young Elites', 2014, 'Fantasy'),
    ('6913957228634', 19, 17, 'The Rose Society', 2015, 'Fantasy'),
    ('8763073019330', 2, 68, 'The Midnight Star', 2016, 'Fantasy'),
    ('2321535426529', 13, 22, 'Warcross', 2017, 'Science Fiction'),
    ('1455936008935', 9, 46, 'Wildcard', 2018, 'Science Fiction'),
    ('7531831425186', 5, 74, 'Steelheart', 2013, 'Science Fiction'),
    ('3591607469342', 12, 62, 'Firefight', 2015, 'Science Fiction'),
    ('1079661088798', 19, 146, 'Calamity', 2016, 'Science Fiction'),
    ('3612076576341', 14, 75, 'The Final Empire', 2006, 'Fantasy'),
    ('3950962759080', 13, 6, 'The Well of Ascension', 2007, 'Fantasy'),
    ('4917186265037', 11, 136, 'The Hero of Ages', 2008, 'Fantasy'),
    ('5689055823103', 14, 58, 'The Alloy of Law', 2011, 'Fantasy'),
    ('5557278791203', 11, 140, 'Shadows of Self', 2015, 'Fantasy'),
    ('8701802785378', 10, 57, 'The Bands of Mourning', 2016, 'Fantasy'),
    ('3983367922537', 1, 44, 'Warbreaker', 2009, 'Fantasy'),
    ('8898959212164', 18, 49, 'Elantris', 2005, 'Fantasy'),
    ('6763488537677', 11, 68, 'The Way of Kings', 2010, 'Fantasy'),
    ('6720835592360', 4, 112, 'Words of Radiance', 2014, 'Fantasy'),
    ('5502289795362', 15, 109, 'Oathbringer', 2017, 'Fantasy'),
    ('7244423964193', 1, 142, 'Rhythm of War', 2020, 'Fantasy'),
    ('2908491341594', 7, 139, 'Dune', 1965, 'Science Fiction'),
    ('6103421603871', 19, 95, 'Dune Messiah', 1969, 'Science Fiction'),
    ('2378130492216', 10, 96, 'Children of Dune', 1976, 'Science Fiction'),
    ('4303357093947', 3, 30, 'God Emperor of Dune', 1981, 'Science Fiction'),
    ('7120431606152', 7, 82, 'Heretics of Dune', 1984, 'Science Fiction'),
    ('3678225717207', 15, 86, 'Chapterhouse: Dune', 1985, 'Science Fiction'),
    ('1075929297291', 10, 125, 'Foundation', 1951, 'Science Fiction'),
    ('5302256930984', 2, 29, 'Foundation and Empire', 1952, 'Science Fiction'),
    ('1071066275320', 1, 29, 'Second Foundation', 1953, 'Science Fiction'),
    ('1605671384651', 3, 48, 'Foundation`s Edge', 1982, 'Science Fiction'),
    ('8600694134836', 16, 127, 'Foundation and Earth', 1986, 'Science Fiction'),
    ('4376123217097', 6, 74, 'Prelude to Foundation', 1988, 'Science Fiction'),
    ('4469243070929', 6, 65, 'Forward the Foundation', 1993, 'Science Fiction'),
    ('5552224936786', 12, 106, 'Neuromancer', 1984, 'Science Fiction'),
    ('2099192180584', 2, 130, 'Count Zero', 1986, 'Science Fiction'),
    ('3981646668323', 17, 108, 'Mona Lisa Overdrive', 1988, 'Science Fiction'),
    ('8294524667041', 5, 20, 'Snow Crash', 1992, 'Science Fiction'),
    ('2768733250807', 14, 67, 'Cryptonomicon', 1999, 'Science Fiction'),
    ('6619736839702', 20, 91, 'The Diamond Age', 1995, 'Science Fiction'),
    ('2758374328701', 6, 81, 'Anathem', 2008, 'Science Fiction'),
    ('3404367435428', 18, 80, 'Seveneves', 2015, 'Science Fiction'),
    ('4456623071036', 17, 72, 'Aurora', 2015, 'Science Fiction'),
    ('5221103811432', 12, 97, 'Red Mars', 1992, 'Science Fiction'),
    ('3121511152585', 3, 126, 'Green Mars', 1993, 'Science Fiction'),
    ('9546429322617', 7, 94, 'Blue Mars', 1996, 'Science Fiction'),
    ('7694677384812', 3, 150, 'The Left Hand of Darkness', 1969, 'Science Fiction'),
    ('5819972321768', 13, 9, 'The Dispossessed', 1974, 'Science Fiction'),
    ('5874569816388', 8, 107, 'The Lathe of Heaven', 1971, 'Science Fiction'),
    ('5727848331844', 3, 122, 'The Word for World is Forest', 1972, 'Science Fiction'),
    ('7708431264926', 2, 126, 'A Wizard of Earthsea', 1968, 'Fantasy'),
    ('2736329751620', 6, 69, 'The Tombs of Atuan', 1971, 'Fantasy'),
    ('8372641497489', 1, 45, 'The Farthest Shore', 1972, 'Fantasy'),
    ('4511526153831', 3, 149, 'Tehanu', 1990, 'Fantasy'),
    ('7392175960545', 16, 96, 'Tales from Earthsea', 2001, 'Fantasy'),
    ('1214715715312', 14, 129, 'The Other Wind', 2001, 'Fantasy'),
    ('7113001276148', 3, 13, 'Roverandom', 1998, 'Fantasy'),
    ('6495939296866', 15, 113, 'The Silmarillion', 1977, 'Fantasy'),
    ('3274943162484', 15, 83, 'Unfinished Tales', 1980, 'Fantasy'),
    ('4738963988199', 14, 9, 'The Children of Húrin', 2007, 'Fantasy'),
    ('2684621460027', 15, 59, 'Beren and Lúthien', 2017, 'Fantasy'),
    ('1455352400761', 19, 133, 'The Fall of Gondolin', 2018, 'Fantasy'),
    ('2306780288946', 8, 9, 'The House at Pooh Corner', 1928, 'Children`s Literature'),
    ('3825710369573', 11, 59, 'The Wind in the Willows', 1908, 'Children`s Literature'),
    ('3234316199031', 18, 86, 'Peter Pan', 1911, 'Children`s Literature'),
    ('8909026526911', 4, 33, 'Charlotte`s Web', 1952, 'Children`s Literature'),
    ('3333847097112', 17, 113, 'Alice`s Adventures in Wonderland', 1865, 'Children`s Literature'),
    ('5602067061560', 1, 80, 'Through the Looking-Glass, and What Alice Found There', 1871, 'Children`s Literature'),
    ('7203937601689', 13, 42, 'The Tale of Peter Rabbit', 1902, 'Children`s Literature'),
    ('2599145934221', 11, 104, 'Winnie-the-Pooh', 1926, 'Children`s Literature'),
    ('9207697121213', 19, 33, 'The Secret Garden', 1911, 'Children`s Literature'),
    ('7694797225086', 4, 28, 'Anne of Green Gables', 1908, 'Children`s Literature'),
    ('1495791769132', 11, 13, 'The Adventures of Tom Sawyer', 1876, 'Children`s Literature'),
    ('6650983587617', 19, 62, 'The Adventures of Huckleberry Finn', 1884, 'Children`s Literature'),
    ('5569054219947', 4, 26, 'Pippi Longstocking', 1945, 'Children`s Literature'),
    ('5963778025632', 13, 94, 'Heidi', 1880, 'Children`s Literature'),
    ('9017241509151', 1, 70, 'Little House on the Prairie', 1935, 'Children`s Literature'),
    ('9257024617266', 2, 142, 'Matilda', 1988, 'Children`s Literature'),
    ('7399603746196', 16, 5, 'The Shawshank Redemption', 1994, 'Psychological Fiction'),
    /* MOOVIES */
    ('6522837333093', 6, 15, 'The Godfather', 1972, 'Cassa'),
    ('4142990536444', 8, 6, 'The Dark Knight', 2008, 'Cassa'),
    ('9404747719126', 10, 17, 'Pulp Fiction', 1994, 'Cassa'),
    ('9849432421035', 8, 8, 'The Lord of the Rings: The Return of the King', 2003, 'Cassa'),
    ('2530527161566', 9, 6, 'Forrest Gump', 1994, 'Cassa'),
    ('5956410603899', 15, 25, 'Inception', 2010, 'Cassa'),
    ('5937587966956', 6, 22, 'Fight Club', 1999, 'Cassa'),
    ('6951873402923', 6, 20, 'The Matrix', 1999, 'Cassa'),
    ('8971250689978', 16, 24, 'Goodfellas', 1990, 'Cassa'),
    ('5142916687823', 19, 21, 'The Empire Strikes Back', 1980, 'Cassa'),
    ('6936025667050', 10, 23, 'The Silence of the Lambs', 1991, 'Cassa'),
    ('4962965592003', 2, 17, 'Saving Private Ryan', 1998, 'Cassa'),
    ('7715375446904', 18, 21, 'Interstellar', 2014, 'Cassa'),
    ('3111756746203', 16, 22, 'The Green Mile', 1999, 'Cassa'),
    ('9264497185752', 5, 15, 'Gladiator', 2000, 'Cassa'),
    ('8521895421102', 1, 18, 'The Lion King', 1994, 'Cassa'),
    ('5612152018533', 6, 9, 'Schindler`s List', 1993, 'Cassa'),
    ('4128092889557', 3, 11, 'Braveheart', 1995, 'Cassa'),
    ('1154104060576', 8, 11, 'Titanic', 1997, 'Cassa'),
    ('1320131892906', 8, 9, 'The Departed', 2006, 'Cassa'),
    ('9345848241133', 12, 18, 'Memento', 2000, 'Cassa'),
    ('5068250932117', 3, 19, 'The Prestige', 2006, 'Cassa'),
    ('7214625584899', 7, 18, 'The Social Network', 2010, 'Cassa'),
    ('1301187694886', 12, 24, 'Avatar', 2009, 'Cassa'),
    ('7155852436571', 2, 24, 'Joker', 2019, 'Cassa'),
    ('7597910765757', 1, 12, 'Parasite', 2019, 'Cassa'),
    ('8450273893705', 9, 17, 'Whiplash', 2014, 'Cassa'),
    ('6250780510198', 10, 19, 'Mad Max: Fury Road', 2015, 'Cassa'),
    ('5702440681723', 10, 23, 'Django Unchained', 2012, 'Cassa'),
    ('8207268847458', 11, 17, 'The Wolf of Wall Street', 2013, 'Cassa'),
    ('5112253043671', 8, 7, 'The Avengers', 2012, 'Cassa'),
    ('4359209147825', 4, 11, 'Black Panther', 2018, 'Cassa'),
    ('3450775937293', 5, 11, 'Spider-Man: Into the Spider-Verse', 2018, 'Cassa'),
    ('4311988729471', 6, 7, 'Toy Story', 1995, 'Cassa'),
    ('1519339797005', 8, 5, 'Finding Nemo', 2003, 'Cassa'),
    ('8756674014410', 14, 17, 'Up', 2009, 'Cassa'),
    ('6261203553123', 2, 22, 'Inside Out', 2015, 'Cassa');

INSERT INTO Autore(CF, Nome, Cognome, Sesso, Nazionalita)
VALUES
    ('MSGGAA2349436133', 'Harper', 'Lee', 'F', 'American'),
    ('EKABKJ2358912997', 'George', 'Orwell', 'M', 'British'),
    ('GOMGHG5850702357', 'Jane', 'Austen', 'F', 'British'),
    ('AFZOWN0228902275', 'F. Scott', 'Fitzgerald', 'M', 'American'),
    ('JHHLHE2051188163', 'Herman', 'Melville', 'M', 'American'),
    ('RJJWKP2427745923', 'Leo', 'Tolstoy', 'M', 'Russian'),
    ('DBKVCP7152003573', 'J.D.', 'Salinger', 'M', 'American'),
    ('VSTFHN3778423270', 'J.R.R.', 'Tolkien', 'M', 'British'),
    ('TPQIDM9636742147', 'James', 'Joyce', 'M', 'Irish'),
    ('CBYHHK0026902346', 'Homer', 'Homer', 'M', 'Greek'),
    ('UKLKBV2524010184', 'Fyodor', 'Dostoevsky', 'M', 'Russian'),
    ('IGXYXQ5879654213', 'Gustave', 'Flaubert', 'M', 'French'),
    ('JXEKEJ3224678136', 'Charlotte', 'Brontë', 'F', 'British'),
    ('IGTZFQ3024624926', 'Aldous', 'Huxley', 'M', 'British'),
    ('GSYFVJ4613387358', 'Emily', 'Brontë', 'F', 'British'),
    ('KSILGO6988830351', 'Dante', 'Alighieri', 'M', 'Italian'),
    ('CWROUP8402350279', 'Gabriel García', 'Márquez', 'M', 'Colombian'),
    ('QFQZUN1016053975', 'Joseph', 'Heller', 'M', 'American'),
    ('XXDYNH5167584058', 'Victor', 'Hugo', 'M', 'French'),
    ('JYNDCB2979904889', 'Miguel de', 'Cervantes', 'M', 'Spanish'),
    ('RPXXPM2038914561', 'Khaled', 'Hosseini', 'M', 'Afghan'),
    ('KWXFLF6536122497', 'Paulo', 'Coelho', 'M', 'Brazilian'),
    ('GLRGBK1007963292', 'Margaret', 'Mitchell', 'F', 'American'),
    ('LOJFGV0501942919', 'J.K.', 'Rowling', 'F', 'British'),
    ('YENENR0525617157', 'John', 'Steinbeck', 'M', 'American'),
    ('RWGWAQ7841684387', 'Kurt', 'Vonnegut', 'M', 'American'),
    ('CZFXHR8635318555', 'Toni', 'Morrison', 'F', 'American'),
    ('QSHXKG2565600449', 'Charles', 'Dickens', 'M', 'British'),
    ('TSIDIS7579470099', 'Mark', 'Twain', 'M', 'American'),
    ('XLHZIE3333541168', 'Vladimir', 'Nabokov', 'M', 'Russian'),
    ('AYVCTK9526538435', 'Mary', 'Shelley', 'F', 'British'),
    ('XOHMIS8110967263', 'Stephen', 'King', 'M', 'American'),
    ('BLQICR8169675893', 'Bram', 'Stoker', 'M', 'Irish'),
    ('PHMREA1193528554', 'George', 'Eliot', 'F', 'British'),
    ('WOZSBH7455312817', 'Joseph', 'Conrad', 'M', 'British'),
    ('SIYIPG3430853967', 'Ernest', 'Hemingway', 'M', 'American'),
    ('YSYVPG4369954364', 'Ray', 'Bradbury', 'M', 'American'),
    ('QZIBTU7981477899', 'Oscar', 'Wilde', 'M', 'Irish'),
    ('HFNCBF3011459560', 'William', 'Golding', 'M', 'British'),
    ('DSLIAN7496195255', 'Daphne du', 'Maurier', 'F', 'British'),
    ('FCUVXJ3310427691', 'Margaret', 'Atwood', 'F', 'Canadian'),
    ('DZRWIS9659331613', 'Frank', 'Herbert', 'M', 'American'),
    ('ZPURSY6284777496', 'Markus', 'Zusak', 'M', 'Australian'),
    ('PTPJED9362795008', 'Anthony', 'Burgess', 'M', 'British'),
    ('RMVSED9619773584', 'Cormac', 'McCarthy', 'M', 'American'),
    ('XBSULI0511387241', 'William', 'Faulkner', 'M', 'American'),
    ('APCRAA7832557220', 'Ralph', 'Ellison', 'M', 'American'),
    ('DFEAPS5207109866', 'Yann', 'Martel', 'M', 'Canadian'),
    ('OTZPBW8933586132', 'Arthur', 'Golden', 'M', 'American'),
    ('BLAZGV9915845658', 'Umberto', 'Eco', 'M', 'Italian'),
    ('FFZPSE2883790111', 'Alexandre', 'Dumas', 'M', 'French'),
    ('VGESWT4479971170', 'E.M.', 'Forster', 'M', 'British'),
    ('OFNMBJ5740555775', 'Audrey', 'Niffenegger', 'F', 'American'),
    ('LETRUN3903049601', 'Frances Hodgson', 'Burnett', 'F', 'British'),
    ('RVWNOO9527211223', 'Richard', 'Adams', 'M', 'British'),
    ('WTGAFU6849429741', 'Nathaniel', 'Hawthorne', 'M', 'American'),
    ('MDZBJX8978014826', 'Sylvia', 'Plath', 'F', 'American'),
    ('IZKMZG8999591062', 'Lois', 'Lowry', 'F', 'American'),
    ('FWDCRL0292936794', 'Albert', 'Camus', 'M', 'French'),
    ('GIHHHK2411643941', 'Haruki', 'Murakami', 'M', 'Japanese'),
    ('TZZMGE8961836601', 'Douglas', 'Adams', 'M', 'British'),
    ('YAJHRA9884988172', 'Antoine de', 'Saint-Exupéry', 'M', 'French'),
    ('RLUTKP4692467083', 'Franz', 'Kafka', 'M', 'Czech'),
    ('WNXYBD5724320813', 'Barbara', 'Kingsolver', 'F', 'American'),
    ('DUMCFP4554172903', 'Carlos Ruiz', 'Zafón', 'M', 'Spanish'),
    ('KNIBSU7033037309', 'Neil', 'Gaiman', 'M', 'British'),
    ('SCPAGH7387779476', 'Terry', 'Pratchett', 'M', 'British'),
    ('MCEOGO3281048861', 'John', 'Green', 'M', 'American'),
    ('UZQYOC8522582589', 'George R.R.', 'Martin', 'M', 'American'),
    ('EGHMFU0247135537', 'James', 'Dashner', 'M', 'American'),
    ('FHEPCE1064658893', 'Suzanne', 'Collins', 'F', 'American'),
    ('BREWSM5991313545', 'Orson Scott', 'Card', 'M', 'American'),
    ('JKFNMA6011448531', 'Andy', 'Weir', 'M', 'American'),
    ('HXMJHR6349522199', 'Donna', 'Tartt', 'F', 'American'),
    ('VREDME6071165402', 'Stieg', 'Larsson', 'M', 'Swedish'),
    ('EMBWPV0827954188', 'Erin', 'Morgenstern', 'F', 'American'),
    ('YRZLLP7169624325', 'Ernest', 'Cline', 'M', 'American'),
    ('MTUSEK9064151658', 'Kazuo', 'Ishiguro', 'M', 'British'),
    ('JLFOCF9193052989', 'Chuck', 'Palahniuk', 'M', 'American'),
    ('FGCJYC0085334647', 'Alice', 'Sebold', 'F', 'American'),
    ('RRVUGW0096996782', 'Kathryn', 'Stockett', 'F', 'American'),
    ('WWBKVC9579137594', 'Gillian', 'Flynn', 'F', 'American'),
    ('YNHEPQ7110175194', 'Liane', 'Moriarty', 'F', 'Australian'),
    ('FEIWCR5186236873', 'Paula', 'Hawkins', 'F', 'British'),
    ('WMFSTM1965810845', 'Delia', 'Owens', 'F', 'American'),
    ('XRYRFF5921868017', 'Madeline', 'Miller', 'F', 'American'),
    ('GUAKGR5086455476', 'Tara', 'Westover', 'F', 'American'),
    ('ZEWBXR7315467500', 'Kristin', 'Hannah', 'F', 'American'),
    ('NPYIQI9504034583', 'Ta-Nehisi', 'Coates', 'M', 'American'),
    ('RZOSMH6498429684', 'Sally', 'Rooney', 'F', 'Irish'),
    ('HGNDPH2465054462', 'Celeste', 'Ng', 'F', 'American'),
    ('LZHXHN7516646224', 'Colson', 'Whitehead', 'M', 'American'),
    ('SIRGBK5611073309', 'Emily St. John', 'Mandel', 'F', 'Canadian'),
    ('DWBSFG9313602122', 'Chloe', 'Benjamin', 'F', 'American'),
    ('QWSLDB3801691936', 'Tayari', 'Jones', 'F', 'American'),
    ('INZGYX8105397435', 'Renée', 'Carlino', 'F', 'American'),
    ('AHTLQF6878740694', 'Alex', 'Michaelides', 'M', 'British'),
    ('JATIEY8892400448', 'Gail', 'Honeyman', 'F', 'British'),
    ('YTYRPC5467486366', 'Taylor Jenkins', 'Reid', 'F', 'American'),
    ('PVWIGL7005849996', 'Casey', 'McQuiston', 'F', 'American'),
    ('FBSZHB5280351694', 'Fredrik', 'Backman', 'M', 'Swedish'),
    ('BQZCOQ5522241094', 'Michelle', 'Obama', 'F', 'American'),
    ('VRVJCU7404827309', 'Jill', 'Santopolo', 'F', 'American'),
    ('IAUCVG8665724501', 'Anthony', 'Doerr', 'M', 'American'),
    ('YAPGEZ8075815306', 'Scott', 'Lynch', 'M', 'American'),
    ('WQJHSM5974424654', 'M.R.', 'Carey', 'M', 'British'),
    ('FFVSSR7391935035', 'Adam', 'Johnson', 'M', 'American'),
    ('YYMJNS0470003281', 'M.L.', 'Stedman', 'F', 'Australian'),
    ('UIYRXF2889926876', 'David', 'Mitchell', 'M', 'British'),
    ('NOYGWI7803048245', 'Mark', 'Haddon', 'M', 'British'),
    ('LNLXJS8763854964', 'Kate', 'Atkinson', 'F', 'British'),
    ('ZJUKEZ0457732734', 'Graeme', 'Simsion', 'M', 'Australian'),
    ('SUTGTH9998970122', 'Robert', 'Galbraith', 'M', 'British'),
    ('ZZGIIA6431861504', 'Eleanor', 'Catton', 'F', 'New Zealander'),
    ('FKFKFB0520779990', 'Stephen', 'Chbosky', 'M', 'American'),
    ('RDUHVY2236735448', 'Veronica', 'Roth', 'F', 'American'),
    ('PCJENW0862975880', 'Rick', 'Yancey', 'M', 'American'),
    ('PIRHLE9623376240', 'Victoria', 'Aveyard', 'F', 'American'),
    ('NBCKKG2805422334', 'Sarah J.', 'Maas', 'F', 'American'),
    ('HJYDEL5081706414', 'Leigh', 'Bardugo', 'F', 'American'),
    ('WHYBBO5722706192', 'Angie', 'Thomas', 'F', 'American'),
    ('ONOLKL7061621691', 'Tomi', 'Adeyemi', 'F', 'American'),
    ('CECJMQ4073099277', 'Marissa', 'Meyer', 'F', 'American'),
    ('ZRNBPD7350012379', 'Rainbow', 'Rowell', 'F', 'American'),
    ('OWWJWF3914392291', 'Sabaa', 'Tahir', 'F', 'American'),
    ('OVGFMO4219324481', 'Renée', 'Ahdieh', 'F', 'American'),
    ('XHNIER2678351566', 'Samantha', 'Shannon', 'F', 'British'),
    ('ZMLNYW2609678839', 'Stephanie', 'Garber', 'F', 'American'),
    ('RFSPFK4723578262', 'Rick', 'Riordan', 'M', 'American'),
    ('FSDQKS4335471370', 'Marie', 'Lu', 'F', 'American'),
    ('ZSZTNF9728199896', 'Kiera', 'Cass', 'F', 'American'),
    ('THZIYT9883135369', 'Tahereh', 'Mafi', 'F', 'American'),
    ('UUPKTL2426196083', 'Holly', 'Black', 'F', 'American'),
    ('ETVPYZ0830990806', 'Cassandra', 'Clare', 'F', 'British'),
    ('OPNNJD2329964662', 'Stephenie', 'Meyer', 'F', 'American'),
    ('OTOZEP3987992265', 'Gabriel Garcia', 'Marquez', 'M', 'Colombian'),
    ('LCUIDW9607747647', 'Louisa May', 'Alcott', 'F', 'American'),
    ('AGGNWY3003408458', 'Agatha', 'Christie', 'F', 'British'),
    ('VNKJMB3357886237', 'Arthur Conan', 'Doyle', 'M', 'British'),
    ('TTIDLP1950694888', 'Robert Louis', 'Stevenson', 'M', 'British'),
    ('XWDULO3605987968', 'H.G.', 'Wells', 'M', 'British'),
    ('LVGECO0641408420', 'Jules', 'Verne', 'M', 'French'),
    ('ICBKEZ8853528871', 'Jack', 'London', 'M', 'American'),
    ('IJJIED2197401958', 'Daniel', 'Defoe', 'M', 'British'),
    ('RVXRGP3681591630', 'Jonathan', 'Swift', 'M', 'Irish'),
    ('RPBZGY6370375717', 'S.E.', 'Hinton', 'F', 'American'),
    ('TMEMJE0780355669', 'Judy', 'Blume', 'F', 'American'),
    ('LKTKBQ9832906119', 'Philip', 'Pullman', 'M', 'British'),
    ('HBJDJK5573942534', 'C.S.', 'Lewis', 'M', 'British'),
    ('UACFFX0299306764', 'Lev', 'Grossman', 'M', 'American'),
    ('AQZWLL3472522416', 'Patrick', 'Rothfuss', 'M', 'American'),
    ('EZSTIP2944626776', 'Christopher', 'Paolini', 'M', 'American'),
    ('OTIFPA2486054870', 'Brandon', 'Sanderson', 'M', 'American'),
    ('YMNSMK2830659611', 'Isaac', 'Asimov', 'M', 'American'),
    ('ESGTFV8684268875', 'William', 'Gibson', 'M', 'American'),
    ('CWMPCV1203342305', 'Neal', 'Stephenson', 'M', 'American'),
    ('CBNPVR2909110880', 'Kim Stanley', 'Robinson', 'M', 'American'),
    ('MIJFTF6032514609', 'Ursula K. Le', 'Guin', 'F', 'American'),
    ('FLZWBI8787342613', 'A.A.', 'Milne', 'M', 'British'),
    ('ORADWD0466886127', 'Kenneth', 'Grahame', 'M', 'British'),
    ('XGTFOU2246191620', 'J.M.', 'Barrie', 'M', 'Scottish'),
    ('EQYFZF4862629039', 'E.B.', 'White', 'M', 'American'),
    ('PIQBIV4827808552', 'Lewis', 'Carroll', 'M', 'British'),
    ('EGLUIK5851409129', 'Beatrix', 'Potter', 'F', 'British'),
    ('ICUZEU2521185758', 'L.M.', 'Montgomery', 'F', 'Canadian'),
    ('DRURBX8423281854', 'Astrid', 'Lindgren', 'F', 'Swedish'),
    ('WIDSQJ0926767655', 'Johanna', 'Spyri', 'F', 'Swiss'),
    ('KXUMXI8004623717', 'Laura Ingalls', 'Wilder', 'F', 'American'),
    ('UFGIEY3683262901', 'Roald', 'Dahl', 'M', 'British');

INSERT INTO CasaEditrice(PIVA, Nome, Citta, Email, AnnoFondazione)
VALUES
    ('12345678901', 'Piemme', 'Milano', 'info@piemme.it', 1984),
    ('23456789012', 'Mondadori', 'Milano', 'info@mondadori.it', 1907),
    ('34567890123', 'Feltrinelli', 'Roma', 'info@feltrinelli.it', 1954),
    ('45678901234', 'Einaudi', 'Torino', 'info@einaudi.it', 1933),
    ('56789012345', 'Rizzoli', 'Milano', 'info@rizzoli.it', 1931),
    ('67890123456', 'Adelphi', 'Torino', 'info@adelphi.it', 1962),
    ('78901234567', 'Giunti', 'Firenze', 'info@giunti.it', 1841),
    ('89012345678', 'Laterza', 'Roma', 'info@laterza.it', 1901),
    ('90123456789', 'Garzanti', 'Milano', 'info@garzanti.it', 1937),
    ('01234567890', 'Marsilio', 'Firenze', 'info@marsilioeditori.it', 1961);

INSERT INTO Libro(EAN13, NumeroPagine, CopertinaRigida, CasaEditrice)
VALUES
    ('9908139973166', 806, 'true', '67890123456'),
    ('3653004225426', 188, 'true', '45678901234'),
    ('6056810143028', 193, 'false', '01234567890'),
    ('9761932674385', 888, 'false', '45678901234'),
    ('2709922078239', 638, 'true', '45678901234'),
    ('3316029656659', 929, 'false', '56789012345'),
    ('1690248005800', 738, 'false', '45678901234'),
    ('7515475180196', 660, 'true', '01234567890'),
    ('1063121437289', 380, 'true', '90123456789'),
    ('2216709567102', 741, 'true', '23456789012'),
    ('6498337905320', 378, 'false', '12345678901'),
    ('9088124201643', 874, 'true', '78901234567'),
    ('1634270243584', 746, 'true', '89012345678'),
    ('9221662537627', 735, 'true', '34567890123'),
    ('8846481393763', 506, 'true', '12345678901'),
    ('2309803165745', 826, 'true', '90123456789'),
    ('7348295966139', 594, 'false', '23456789012'),
    ('7097234041584', 397, 'false', '90123456789'),
    ('6683288999892', 433, 'false', '67890123456'),
    ('1928494585426', 135, 'false', '01234567890'),
    ('3310983915256', 775, 'false', '12345678901'),
    ('4308069686075', 730, 'true', '23456789012'),
    ('4267846908030', 958, 'true', '01234567890'),
    ('1007284161411', 446, 'true', '01234567890'),
    ('9315788347193', 505, 'true', '45678901234'),
    ('5464084057053', 122, 'false', '12345678901'),
    ('8576478175489', 227, 'false', '45678901234'),
    ('1303950038367', 150, 'false', '01234567890'),
    ('4944132019531', 893, 'true', '34567890123'),
    ('3096744078628', 894, 'true', '12345678901'),
    ('2217048278910', 579, 'false', '45678901234'),
    ('3540697843096', 102, 'true', '67890123456'),
    ('3771486032746', 527, 'true', '56789012345'),
    ('6771042852861', 362, 'false', '78901234567'),
    ('4178212721752', 897, 'false', '01234567890'),
    ('5728435617798', 967, 'false', '90123456789'),
    ('2118753817695', 258, 'false', '56789012345'),
    ('4182699633928', 579, 'false', '34567890123'),
    ('2655281188803', 523, 'true', '45678901234'),
    ('7741646742605', 999, 'false', '89012345678'),
    ('3261018276327', 746, 'true', '12345678901'),
    ('6338380481655', 278, 'false', '90123456789'),
    ('3020922937629', 963, 'true', '23456789012'),
    ('9404376911357', 436, 'false', '89012345678'),
    ('7343852461512', 612, 'false', '34567890123'),
    ('8267232701413', 460, 'true', '45678901234'),
    ('5218503570139', 820, 'true', '01234567890'),
    ('8503144246922', 348, 'false', '01234567890'),
    ('1651168907114', 281, 'false', '45678901234'),
    ('1247511049020', 958, 'true', '89012345678'),
    ('8484648510743', 156, 'true', '67890123456'),
    ('4597008590365', 375, 'true', '01234567890'),
    ('5943493798836', 634, 'false', '23456789012'),
    ('2493073896888', 733, 'false', '90123456789'),
    ('9958793340097', 101, 'false', '67890123456'),
    ('6045789053623', 622, 'false', '90123456789'),
    ('3870526544078', 976, 'false', '89012345678'),
    ('7275516807975', 571, 'false', '01234567890'),
    ('3333170205043', 814, 'false', '78901234567'),
    ('4060574885574', 106, 'false', '34567890123'),
    ('2343314008672', 886, 'false', '56789012345'),
    ('1400639252763', 858, 'true', '67890123456'),
    ('9999937113097', 767, 'false', '01234567890'),
    ('5021231727153', 326, 'true', '34567890123'),
    ('1254692904621', 583, 'true', '01234567890'),
    ('5425407382434', 535, 'false', '56789012345'),
    ('3713929868439', 894, 'true', '01234567890'),
    ('1463355629631', 907, 'true', '67890123456'),
    ('4402463763581', 874, 'false', '12345678901'),
    ('1093152441276', 743, 'false', '78901234567'),
    ('7523145104222', 365, 'false', '89012345678'),
    ('4828141846787', 301, 'true', '56789012345'),
    ('8506631238972', 874, 'true', '90123456789'),
    ('1877289185224', 400, 'true', '67890123456'),
    ('4669516803488', 162, 'false', '67890123456'),
    ('3084215337102', 405, 'true', '23456789012'),
    ('2497825292357', 399, 'true', '12345678901'),
    ('2972562034159', 813, 'true', '34567890123'),
    ('9667938866103', 312, 'true', '34567890123'),
    ('7841283032310', 306, 'false', '23456789012'),
    ('4771728851632', 906, 'false', '34567890123'),
    ('9650384300965', 204, 'true', '12345678901'),
    ('5831756503822', 676, 'false', '89012345678'),
    ('5119560704299', 692, 'false', '45678901234'),
    ('6344066937958', 646, 'false', '01234567890'),
    ('5276391713978', 266, 'false', '90123456789'),
    ('8169029347142', 910, 'true', '90123456789'),
    ('9161198825027', 513, 'false', '45678901234'),
    ('6916532465341', 365, 'false', '34567890123'),
    ('6717612743042', 932, 'false', '45678901234'),
    ('5830098722582', 624, 'false', '34567890123'),
    ('3315228074591', 589, 'true', '12345678901'),
    ('2858501638233', 327, 'false', '78901234567'),
    ('3485466895206', 472, 'false', '01234567890'),
    ('7689410294217', 742, 'true', '34567890123'),
    ('1016152932678', 442, 'true', '23456789012'),
    ('6993616725915', 255, 'false', '12345678901'),
    ('4661523682870', 434, 'false', '90123456789'),
    ('2055988534622', 995, 'false', '78901234567'),
    ('6146004923031', 282, 'false', '67890123456'),
    ('3771005877165', 742, 'true', '56789012345'),
    ('7864691624448', 229, 'false', '01234567890'),
    ('1807406792936', 221, 'false', '23456789012'),
    ('6565702399469', 613, 'true', '56789012345'),
    ('3162947537950', 520, 'true', '23456789012'),
    ('8683451838375', 596, 'false', '78901234567'),
    ('5151149974474', 247, 'true', '12345678901'),
    ('9511190188027', 356, 'false', '56789012345'),
    ('1062675576896', 252, 'true', '90123456789'),
    ('6868600006922', 615, 'false', '67890123456'),
    ('6991988792956', 955, 'false', '34567890123'),
    ('6746509961055', 748, 'false', '89012345678'),
    ('1262314162307', 257, 'false', '01234567890'),
    ('6494946166387', 436, 'false', '67890123456'),
    ('3104401643044', 486, 'true', '45678901234'),
    ('3784013735488', 658, 'false', '89012345678'),
    ('5366908066832', 509, 'false', '45678901234'),
    ('3867096003398', 130, 'false', '78901234567'),
    ('4193126493215', 518, 'false', '12345678901'),
    ('3034413155487', 290, 'true', '89012345678'),
    ('4233596323838', 412, 'false', '90123456789'),
    ('1787832835311', 338, 'true', '01234567890'),
    ('1893551912626', 569, 'true', '12345678901'),
    ('2774582361206', 408, 'false', '90123456789'),
    ('5299995448985', 166, 'true', '89012345678'),
    ('8596061555116', 114, 'true', '78901234567'),
    ('8996080659924', 113, 'false', '45678901234'),
    ('5860291953087', 397, 'true', '56789012345'),
    ('6660444881612', 221, 'true', '67890123456'),
    ('7157474787698', 630, 'true', '78901234567'),
    ('8266571161642', 933, 'false', '01234567890'),
    ('4793032080843', 731, 'true', '56789012345'),
    ('5956052634916', 783, 'true', '12345678901'),
    ('4105457156630', 194, 'false', '12345678901'),
    ('4348833305271', 925, 'false', '89012345678'),
    ('7267634080638', 906, 'true', '78901234567'),
    ('6883386959584', 133, 'true', '12345678901'),
    ('2330403486599', 789, 'false', '56789012345'),
    ('7277112358911', 919, 'false', '89012345678'),
    ('3893250809531', 811, 'false', '23456789012'),
    ('2616934277643', 280, 'false', '67890123456'),
    ('2038051363087', 143, 'false', '67890123456'),
    ('5424076190672', 805, 'false', '01234567890'),
    ('8901083264330', 162, 'false', '90123456789'),
    ('4877191102008', 461, 'false', '01234567890'),
    ('6179531551586', 992, 'true', '89012345678'),
    ('6847041149340', 442, 'true', '89012345678'),
    ('6787292479554', 504, 'false', '34567890123'),
    ('2383946587394', 977, 'false', '01234567890'),
    ('1891257372866', 420, 'true', '01234567890'),
    ('4389788408017', 722, 'true', '89012345678'),
    ('3732941060064', 264, 'false', '89012345678'),
    ('5200796179013', 665, 'false', '89012345678'),
    ('2996118123342', 896, 'true', '45678901234'),
    ('5081857928100', 961, 'true', '89012345678'),
    ('3627314475044', 656, 'false', '78901234567'),
    ('7021443627431', 499, 'true', '78901234567'),
    ('8088332305837', 577, 'false', '23456789012'),
    ('1156725355536', 222, 'true', '45678901234'),
    ('1902273684084', 907, 'false', '67890123456'),
    ('2514036453438', 843, 'false', '90123456789'),
    ('5917058737597', 534, 'true', '90123456789'),
    ('1880246849920', 534, 'true', '78901234567'),
    ('1884610284244', 177, 'false', '01234567890'),
    ('5929938684707', 107, 'false', '12345678901'),
    ('2919536243434', 183, 'false', '45678901234'),
    ('9968705456961', 343, 'false', '78901234567'),
    ('2468019126021', 114, 'true', '01234567890'),
    ('7208725947681', 846, 'true', '78901234567'),
    ('2074044251030', 629, 'true', '23456789012'),
    ('7606672795967', 893, 'false', '23456789012'),
    ('8881572717309', 779, 'false', '89012345678'),
    ('2410988461006', 778, 'false', '89012345678'),
    ('7645288239043', 159, 'true', '67890123456'),
    ('5098946335026', 337, 'true', '45678901234'),
    ('1424872448379', 639, 'true', '01234567890'),
    ('4883430611060', 404, 'false', '89012345678'),
    ('7998499769175', 167, 'false', '90123456789'),
    ('3562345455768', 920, 'false', '23456789012'),
    ('8849193159755', 313, 'true', '23456789012'),
    ('9558822413560', 270, 'true', '01234567890'),
    ('8208728468273', 326, 'false', '56789012345'),
    ('1513967900830', 258, 'true', '56789012345'),
    ('3900964791431', 649, 'true', '01234567890'),
    ('4010588138980', 562, 'true', '45678901234'),
    ('1325772573941', 364, 'false', '67890123456'),
    ('4833387178110', 489, 'false', '90123456789'),
    ('1297063070594', 884, 'true', '23456789012'),
    ('8278649964460', 389, 'false', '89012345678'),
    ('5165189473403', 846, 'true', '34567890123'),
    ('9057161289300', 615, 'false', '45678901234'),
    ('3392247977146', 394, 'true', '12345678901'),
    ('7055413998914', 487, 'true', '78901234567'),
    ('5808539288722', 546, 'true', '34567890123'),
    ('2341324897735', 190, 'false', '78901234567'),
    ('4865130870104', 392, 'false', '12345678901'),
    ('9236883783159', 523, 'false', '12345678901'),
    ('2984548660791', 671, 'false', '12345678901'),
    ('2908717757667', 542, 'true', '23456789012'),
    ('1190733562895', 197, 'true', '01234567890'),
    ('5251229022129', 639, 'false', '67890123456'),
    ('3464870949193', 670, 'true', '23456789012'),
    ('2051349388114', 344, 'false', '78901234567'),
    ('7976366267458', 785, 'true', '67890123456'),
    ('3618165373013', 444, 'false', '34567890123'),
    ('5307552801985', 879, 'true', '89012345678'),
    ('4859627430715', 240, 'false', '12345678901'),
    ('6940858746122', 470, 'true', '12345678901'),
    ('1058671830135', 553, 'false', '67890123456'),
    ('3682886040228', 940, 'true', '78901234567'),
    ('8522131193317', 889, 'false', '45678901234'),
    ('7538869035029', 830, 'true', '90123456789'),
    ('7974350828156', 107, 'true', '12345678901'),
    ('6843032935735', 740, 'false', '78901234567'),
    ('8090515292511', 711, 'false', '01234567890'),
    ('8534374430515', 648, 'false', '56789012345'),
    ('2621942161547', 532, 'false', '45678901234'),
    ('4573405622391', 771, 'false', '34567890123'),
    ('3196904004788', 751, 'false', '01234567890'),
    ('8395977453528', 126, 'false', '01234567890'),
    ('4198281308049', 473, 'true', '89012345678'),
    ('7563186077854', 307, 'false', '34567890123'),
    ('5323367025716', 928, 'false', '45678901234'),
    ('7789670443852', 314, 'false', '12345678901'),
    ('2561800180158', 591, 'false', '34567890123'),
    ('5343411153181', 543, 'false', '01234567890'),
    ('2500968510320', 660, 'true', '90123456789'),
    ('6302476968182', 550, 'true', '12345678901'),
    ('4268157780373', 191, 'true', '12345678901'),
    ('5227682882722', 818, 'false', '34567890123'),
    ('4021618285601', 307, 'true', '12345678901'),
    ('9580012940034', 317, 'true', '89012345678'),
    ('9401050546092', 510, 'false', '45678901234'),
    ('7900802275178', 115, 'false', '67890123456'),
    ('5164216520987', 211, 'true', '23456789012'),
    ('9301543359209', 446, 'false', '56789012345'),
    ('9455213301062', 508, 'false', '89012345678'),
    ('1733990930012', 865, 'true', '01234567890'),
    ('7877928790586', 906, 'true', '78901234567'),
    ('2588437516248', 368, 'false', '89012345678'),
    ('7038953277143', 646, 'false', '90123456789'),
    ('8581261964559', 891, 'false', '56789012345'),
    ('4980157936773', 471, 'false', '89012345678'),
    ('4246830011486', 219, 'true', '67890123456'),
    ('8689107797956', 798, 'true', '56789012345'),
    ('7280552546902', 628, 'true', '34567890123'),
    ('2428784294117', 777, 'true', '67890123456'),
    ('4630257422769', 336, 'true', '56789012345'),
    ('8099362970709', 148, 'false', '89012345678'),
    ('2341104328401', 560, 'false', '23456789012'),
    ('7698045958008', 549, 'false', '67890123456'),
    ('7645092337292', 340, 'false', '89012345678'),
    ('5363279064844', 641, 'false', '34567890123'),
    ('7253871107463', 152, 'true', '89012345678'),
    ('7052452078705', 535, 'true', '23456789012'),
    ('2373012391029', 303, 'true', '23456789012'),
    ('9994627267800', 274, 'false', '78901234567'),
    ('9972432019843', 799, 'false', '78901234567'),
    ('3629836810681', 498, 'false', '23456789012'),
    ('4144210926547', 436, 'false', '90123456789'),
    ('3952060948959', 662, 'false', '12345678901'),
    ('6518978474728', 778, 'true', '89012345678'),
    ('3670188988194', 148, 'true', '56789012345'),
    ('1977493656379', 758, 'true', '34567890123'),
    ('5094329487607', 821, 'true', '56789012345'),
    ('9411619899886', 776, 'false', '12345678901'),
    ('5028979401530', 833, 'false', '34567890123'),
    ('2643960562451', 518, 'false', '78901234567'),
    ('5956304622161', 746, 'true', '67890123456'),
    ('7552291494555', 671, 'true', '45678901234'),
    ('2247161198705', 496, 'false', '01234567890'),
    ('1812196870543', 180, 'false', '56789012345'),
    ('1015509544311', 934, 'false', '01234567890'),
    ('3187423834262', 977, 'false', '23456789012'),
    ('6330191197988', 970, 'false', '23456789012'),
    ('2166894540139', 521, 'true', '56789012345'),
    ('8680429781735', 932, 'true', '67890123456'),
    ('8842473780641', 489, 'false', '67890123456'),
    ('7659430771263', 858, 'true', '01234567890'),
    ('6151066312381', 493, 'false', '90123456789'),
    ('4181611758463', 839, 'false', '12345678901'),
    ('1792728998897', 425, 'true', '78901234567'),
    ('3288007994017', 446, 'true', '01234567890'),
    ('3947293998229', 324, 'true', '34567890123'),
    ('6930714255993', 814, 'false', '89012345678'),
    ('4716421833189', 177, 'false', '78901234567'),
    ('9262577252166', 761, 'false', '67890123456'),
    ('6718253683624', 449, 'false', '12345678901'),
    ('4987439256353', 533, 'false', '56789012345'),
    ('4502218644633', 531, 'false', '90123456789'),
    ('2473389603325', 383, 'true', '23456789012'),
    ('6504603637837', 783, 'false', '78901234567'),
    ('6129435742938', 952, 'false', '34567890123'),
    ('2318123561094', 404, 'true', '45678901234'),
    ('6452043186677', 433, 'true', '78901234567'),
    ('6285774810093', 532, 'false', '67890123456'),
    ('2201406782583', 598, 'true', '45678901234'),
    ('1956739934662', 911, 'true', '01234567890'),
    ('8825441095650', 369, 'false', '34567890123'),
    ('6264260324383', 718, 'true', '01234567890'),
    ('1512202260968', 648, 'false', '23456789012'),
    ('1550411352457', 874, 'false', '90123456789'),
    ('1864866988442', 559, 'true', '90123456789'),
    ('9122595575872', 927, 'true', '90123456789'),
    ('6480662345775', 357, 'true', '23456789012'),
    ('6218091009218', 612, 'false', '56789012345'),
    ('3499920382234', 730, 'true', '23456789012'),
    ('7380864767539', 685, 'true', '90123456789'),
    ('3940494668414', 466, 'true', '45678901234'),
    ('3143291611307', 428, 'false', '90123456789'),
    ('5786445016348', 667, 'true', '45678901234'),
    ('1962484981664', 590, 'false', '34567890123'),
    ('6144355670466', 978, 'true', '34567890123'),
    ('1289822127069', 458, 'false', '90123456789'),
    ('1350800218729', 973, 'true', '01234567890'),
    ('4503985572974', 674, 'true', '01234567890'),
    ('2067371818906', 599, 'false', '90123456789'),
    ('5409718046547', 628, 'true', '23456789012'),
    ('1526104336139', 530, 'false', '90123456789'),
    ('2496669624266', 289, 'false', '56789012345'),
    ('5227784941331', 971, 'true', '78901234567'),
    ('8591359996955', 492, 'true', '89012345678'),
    ('6186682202989', 960, 'false', '12345678901'),
    ('2434594140119', 598, 'false', '89012345678'),
    ('4786170273507', 456, 'false', '01234567890'),
    ('3645065533683', 773, 'true', '34567890123'),
    ('4699449158599', 909, 'true', '12345678901'),
    ('9850639130001', 768, 'true', '34567890123'),
    ('3888244500059', 544, 'false', '34567890123'),
    ('2226901444059', 941, 'true', '34567890123'),
    ('5151707821730', 850, 'true', '90123456789'),
    ('8917339139041', 106, 'false', '78901234567'),
    ('6756341263709', 837, 'false', '67890123456'),
    ('6924235960519', 836, 'false', '90123456789'),
    ('3339415542601', 854, 'false', '34567890123'),
    ('1504309247850', 554, 'true', '56789012345'),
    ('3039584313615', 695, 'true', '89012345678'),
    ('3548650501257', 117, 'false', '12345678901'),
    ('4470403175866', 806, 'false', '56789012345'),
    ('7758224685687', 615, 'false', '78901234567'),
    ('1935705806986', 323, 'true', '90123456789'),
    ('8994385544411', 255, 'false', '89012345678'),
    ('9697857867615', 220, 'false', '89012345678'),
    ('2804030853161', 463, 'true', '89012345678'),
    ('3895458530363', 361, 'false', '78901234567'),
    ('9716068609158', 836, 'true', '90123456789'),
    ('8814312683048', 917, 'true', '01234567890'),
    ('4254138481142', 641, 'true', '12345678901'),
    ('9204422519864', 885, 'true', '01234567890'),
    ('7509357454624', 500, 'true', '34567890123'),
    ('5243053874965', 360, 'false', '67890123456'),
    ('8207991801028', 287, 'true', '01234567890'),
    ('4146445958329', 241, 'false', '56789012345'),
    ('9044946053531', 494, 'false', '45678901234'),
    ('7641936148630', 462, 'true', '45678901234'),
    ('4478354872591', 822, 'false', '34567890123'),
    ('6780110152517', 325, 'true', '12345678901'),
    ('9293765779012', 290, 'false', '12345678901'),
    ('3560508473826', 101, 'false', '01234567890'),
    ('7971444743441', 815, 'false', '90123456789'),
    ('7162343375351', 975, 'false', '67890123456'),
    ('1707674852576', 226, 'false', '67890123456'),
    ('2914595800768', 729, 'true', '90123456789'),
    ('7708755662269', 684, 'false', '90123456789'),
    ('4087961784002', 457, 'false', '12345678901'),
    ('8268055316591', 709, 'true', '34567890123'),
    ('5405729915697', 926, 'false', '12345678901'),
    ('8843199009330', 487, 'true', '56789012345'),
    ('9536618821785', 359, 'false', '78901234567'),
    ('3581373271843', 661, 'true', '89012345678'),
    ('9768077584329', 340, 'true', '23456789012'),
    ('4953728937603', 405, 'true', '23456789012'),
    ('5068554261591', 805, 'true', '56789012345'),
    ('7057862751747', 755, 'true', '56789012345'),
    ('6003852876444', 518, 'true', '90123456789'),
    ('6746546190865', 594, 'false', '67890123456'),
    ('3812088079833', 791, 'true', '34567890123'),
    ('3950418258259', 366, 'false', '89012345678'),
    ('8575905108779', 735, 'false', '01234567890'),
    ('6454626807548', 110, 'true', '45678901234'),
    ('5182524277775', 196, 'true', '67890123456'),
    ('6203751073682', 519, 'false', '67890123456'),
    ('3839211189161', 490, 'true', '56789012345'),
    ('2529301549008', 548, 'false', '89012345678'),
    ('2985786441977', 815, 'false', '89012345678'),
    ('1716346286109', 303, 'false', '78901234567'),
    ('8497915999483', 144, 'false', '12345678901'),
    ('7374109191092', 341, 'false', '90123456789'),
    ('3037346525910', 713, 'false', '78901234567'),
    ('7901099196080', 118, 'false', '12345678901'),
    ('2862579001033', 918, 'false', '67890123456'),
    ('9175833406998', 499, 'true', '23456789012'),
    ('8353509034768', 740, 'false', '45678901234'),
    ('7732461887399', 652, 'false', '78901234567'),
    ('3681023244641', 921, 'false', '56789012345'),
    ('4523747082382', 140, 'false', '01234567890'),
    ('9957391117886', 504, 'true', '56789012345'),
    ('7263227813393', 959, 'true', '89012345678'),
    ('9722979623279', 975, 'true', '56789012345'),
    ('5683733494374', 140, 'false', '45678901234'),
    ('7698043905422', 246, 'true', '45678901234'),
    ('5848299929037', 918, 'true', '56789012345'),
    ('3958421919129', 780, 'false', '56789012345'),
    ('8086780897833', 242, 'true', '67890123456'),
    ('8267589331724', 151, 'false', '23456789012'),
    ('3046531461440', 726, 'false', '78901234567'),
    ('5451978145267', 427, 'false', '45678901234'),
    ('1615345132458', 833, 'true', '90123456789'),
    ('5636882267252', 313, 'true', '45678901234'),
    ('9500225539197', 243, 'false', '89012345678'),
    ('4749915496040', 654, 'false', '01234567890'),
    ('2135044891889', 911, 'false', '45678901234'),
    ('1426624056804', 432, 'false', '67890123456'),
    ('9090211432321', 364, 'true', '23456789012'),
    ('6495530044775', 689, 'true', '90123456789'),
    ('8812699047580', 601, 'true', '78901234567'),
    ('7865442455373', 716, 'true', '56789012345'),
    ('1709037340759', 578, 'true', '01234567890'),
    ('6493472587410', 208, 'false', '56789012345'),
    ('1963759630170', 601, 'true', '45678901234'),
    ('6500970637799', 174, 'false', '34567890123'),
    ('3064444022873', 524, 'false', '90123456789'),
    ('5502864251960', 945, 'true', '67890123456'),
    ('8123494514847', 530, 'false', '12345678901'),
    ('7923401035421', 690, 'false', '78901234567'),
    ('5587311544722', 788, 'false', '67890123456'),
    ('4226313136990', 437, 'false', '34567890123'),
    ('3180671815127', 296, 'false', '78901234567'),
    ('4275559660828', 677, 'true', '23456789012'),
    ('6821612792016', 557, 'false', '78901234567'),
    ('9037778322078', 925, 'false', '45678901234'),
    ('4000104952544', 622, 'true', '34567890123'),
    ('8330561081724', 323, 'false', '45678901234'),
    ('5644214372477', 560, 'true', '90123456789'),
    ('5973140622356', 841, 'false', '56789012345'),
    ('9933968778451', 803, 'true', '23456789012'),
    ('3032610207274', 882, 'true', '34567890123'),
    ('5516208416776', 986, 'false', '90123456789'),
    ('1651739711996', 177, 'true', '12345678901'),
    ('9532297840489', 370, 'true', '89012345678'),
    ('6311893481236', 912, 'true', '67890123456'),
    ('4096698275305', 463, 'true', '34567890123'),
    ('1676884829281', 823, 'true', '67890123456'),
    ('3940724084086', 336, 'true', '56789012345'),
    ('6913957228634', 923, 'false', '56789012345'),
    ('8763073019330', 915, 'false', '78901234567'),
    ('2321535426529', 868, 'true', '12345678901'),
    ('1455936008935', 394, 'true', '12345678901'),
    ('7531831425186', 802, 'true', '45678901234'),
    ('3591607469342', 515, 'false', '78901234567'),
    ('1079661088798', 239, 'true', '45678901234'),
    ('3612076576341', 355, 'false', '56789012345'),
    ('3950962759080', 241, 'false', '45678901234'),
    ('4917186265037', 519, 'false', '90123456789'),
    ('5689055823103', 965, 'true', '67890123456'),
    ('5557278791203', 391, 'false', '78901234567'),
    ('8701802785378', 174, 'false', '34567890123'),
    ('3983367922537', 351, 'true', '12345678901'),
    ('8898959212164', 745, 'false', '34567890123'),
    ('6763488537677', 273, 'false', '12345678901'),
    ('6720835592360', 921, 'false', '78901234567'),
    ('5502289795362', 962, 'false', '23456789012'),
    ('7244423964193', 147, 'false', '89012345678'),
    ('2908491341594', 200, 'true', '89012345678'),
    ('6103421603871', 808, 'false', '89012345678'),
    ('2378130492216', 892, 'true', '23456789012'),
    ('4303357093947', 355, 'false', '89012345678'),
    ('7120431606152', 997, 'true', '01234567890'),
    ('3678225717207', 819, 'false', '90123456789'),
    ('1075929297291', 761, 'false', '90123456789'),
    ('5302256930984', 118, 'false', '90123456789'),
    ('1071066275320', 121, 'true', '67890123456'),
    ('1605671384651', 916, 'false', '89012345678'),
    ('8600694134836', 221, 'true', '34567890123'),
    ('4376123217097', 319, 'false', '78901234567'),
    ('4469243070929', 772, 'true', '90123456789'),
    ('5552224936786', 483, 'true', '34567890123'),
    ('2099192180584', 363, 'false', '01234567890'),
    ('3981646668323', 243, 'true', '23456789012'),
    ('8294524667041', 147, 'true', '12345678901'),
    ('2768733250807', 548, 'false', '89012345678'),
    ('6619736839702', 492, 'true', '67890123456'),
    ('2758374328701', 849, 'true', '89012345678'),
    ('3404367435428', 437, 'true', '90123456789'),
    ('4456623071036', 337, 'true', '23456789012'),
    ('5221103811432', 108, 'true', '67890123456'),
    ('3121511152585', 535, 'true', '90123456789'),
    ('9546429322617', 197, 'false', '90123456789'),
    ('7694677384812', 336, 'false', '90123456789'),
    ('5819972321768', 225, 'true', '45678901234'),
    ('5874569816388', 689, 'true', '89012345678'),
    ('5727848331844', 795, 'false', '45678901234'),
    ('7708431264926', 733, 'true', '89012345678'),
    ('2736329751620', 290, 'false', '34567890123'),
    ('8372641497489', 857, 'true', '12345678901'),
    ('4511526153831', 460, 'true', '78901234567'),
    ('7392175960545', 786, 'false', '90123456789'),
    ('1214715715312', 437, 'false', '78901234567'),
    ('7113001276148', 180, 'false', '23456789012'),
    ('6495939296866', 912, 'true', '12345678901'),
    ('3274943162484', 970, 'true', '23456789012'),
    ('4738963988199', 630, 'false', '90123456789'),
    ('2684621460027', 792, 'false', '90123456789'),
    ('1455352400761', 910, 'false', '34567890123'),
    ('2306780288946', 677, 'false', '34567890123'),
    ('3825710369573', 126, 'false', '23456789012'),
    ('3234316199031', 151, 'false', '67890123456'),
    ('8909026526911', 245, 'true', '56789012345'),
    ('3333847097112', 253, 'false', '67890123456'),
    ('5602067061560', 618, 'true', '67890123456'),
    ('7203937601689', 549, 'true', '67890123456'),
    ('2599145934221', 644, 'true', '78901234567'),
    ('9207697121213', 387, 'false', '23456789012'),
    ('7694797225086', 530, 'true', '12345678901'),
    ('1495791769132', 334, 'true', '78901234567'),
    ('6650983587617', 324, 'false', '78901234567'),
    ('5569054219947', 362, 'true', '89012345678'),
    ('5963778025632', 437, 'true', '34567890123'),
    ('9017241509151', 265, 'true', '67890123456'),
    ('9257024617266', 254, 'true', '01234567890');

INSERT INTO Scrittura(Autore, Libro)
VALUES
    ('MSGGAA2349436133', '9908139973166'),
    ('EKABKJ2358912997', '3653004225426'),
    ('GOMGHG5850702357', '6056810143028'),
    ('AFZOWN0228902275', '9761932674385'),
    ('JHHLHE2051188163', '2709922078239'),
    ('RJJWKP2427745923', '3316029656659'),
    ('DBKVCP7152003573', '1690248005800'),
    ('VSTFHN3778423270', '7515475180196'),
    ('TPQIDM9636742147', '1063121437289'),
    ('UKLKBV2524010184', '6498337905320'),
    ('UKLKBV2524010184', '9088124201643'),
    ('IGXYXQ5879654213', '1634270243584'),
    ('JXEKEJ3224678136', '9221662537627'),
    ('IGTZFQ3024624926', '8846481393763'),
    ('GSYFVJ4613387358', '2309803165745'),
    ('KSILGO6988830351', '7348295966139'),
    ('RJJWKP2427745923', '7097234041584'),
    ('CWROUP8402350279', '6683288999892'),
    ('QFQZUN1016053975', '1928494585426'),
    ('DBKVCP7152003573', '3310983915256'),
    ('VSTFHN3778423270', '4308069686075'),
    ('XXDYNH5167584058', '4267846908030'),
    ('JYNDCB2979904889', '1007284161411'),
    ('RPXXPM2038914561', '9315788347193'),
    ('KWXFLF6536122497', '5464084057053'),
    ('GLRGBK1007963292', '8576478175489'),
    ('LOJFGV0501942919', '1303950038367'),
    ('YENENR0525617157', '4944132019531'),
    ('RWGWAQ7841684387', '3096744078628'),
    ('CZFXHR8635318555', '2217048278910'),
    ('QSHXKG2565600449', '3540697843096'),
    ('TSIDIS7579470099', '3771486032746'),
    ('XLHZIE3333541168', '6771042852861'),
    ('QSHXKG2565600449', '4178212721752'),
    ('AYVCTK9526538435', '5728435617798'),
    ('XOHMIS8110967263', '4182699633928'),
    ('BLQICR8169675893', '2655281188803'),
    ('PHMREA1193528554', '7741646742605'),
    ('WOZSBH7455312817', '3261018276327'),
    ('SIYIPG3430853967', '6338380481655'),
    ('YSYVPG4369954364', '3020922937629'),
    ('GOMGHG5850702357', '9404376911357'),
    ('QZIBTU7981477899', '7343852461512'),
    ('SIYIPG3430853967', '8267232701413'),
    ('HFNCBF3011459560', '5218503570139'),
    ('DSLIAN7496195255', '8503144246922'),
    ('FCUVXJ3310427691', '1651168907114'),
    ('DZRWIS9659331613', '1247511049020'),
    ('EKABKJ2358912997', '8484648510743'),
    ('ZPURSY6284777496', '4597008590365'),
    ('PTPJED9362795008', '5943493798836'),
    ('RMVSED9619773584', '2493073896888'),
    ('XBSULI0511387241', '9958793340097'),
    ('APCRAA7832557220', '6045789053623'),
    ('DFEAPS5207109866', '3870526544078'),
    ('OTZPBW8933586132', '7275516807975'),
    ('BLAZGV9915845658', '3333170205043'),
    ('FFZPSE2883790111', '4060574885574'),
    ('VGESWT4479971170', '2343314008672'),
    ('OFNMBJ5740555775', '1400639252763'),
    ('LETRUN3903049601', '9999937113097'),
    ('RVWNOO9527211223', '5021231727153'),
    ('WTGAFU6849429741', '1254692904621'),
    ('YENENR0525617157', '5425407382434'),
    ('XXDYNH5167584058', '3713929868439'),
    ('MDZBJX8978014826', '1463355629631'),
    ('SIYIPG3430853967', '4402463763581'),
    ('IZKMZG8999591062', '1093152441276'),
    ('FWDCRL0292936794', '7523145104222'),
    ('GIHHHK2411643941', '4828141846787'),
    ('TZZMGE8961836601', '8506631238972'),
    ('YAJHRA9884988172', '1877289185224'),
    ('RLUTKP4692467083', '4669516803488'),
    ('WNXYBD5724320813', '3084215337102'),
    ('DUMCFP4554172903', '2497825292357'),
    ('KNIBSU7033037309', '2972562034159'),
    ('SCPAGH7387779476', '2972562034159'),
    ('MCEOGO3281048861', '9667938866103'),
    ('UZQYOC8522582589', '7841283032310'),
    ('EGHMFU0247135537', '4771728851632'),
    ('FHEPCE1064658893', '9650384300965'),
    ('BREWSM5991313545', '5831756503822'),
    ('JKFNMA6011448531', '5119560704299'),
    ('HXMJHR6349522199', '6344066937958'),
    ('VREDME6071165402', '5276391713978'),
    ('KNIBSU7033037309', '8169029347142'),
    ('HXMJHR6349522199', '9161198825027'),
    ('EMBWPV0827954188', '6916532465341'),
    ('YRZLLP7169624325', '6717612743042'),
    ('RMVSED9619773584', '5830098722582'),
    ('MTUSEK9064151658', '3315228074591'),
    ('JLFOCF9193052989', '2858501638233'),
    ('FGCJYC0085334647', '3485466895206'),
    ('RRVUGW0096996782', '7689410294217'),
    ('WWBKVC9579137594', '1016152932678'),
    ('YNHEPQ7110175194', '6993616725915'),
    ('FEIWCR5186236873', '4661523682870'),
    ('WMFSTM1965810845', '2055988534622'),
    ('XRYRFF5921868017', '6146004923031'),
    ('GUAKGR5086455476', '3771005877165'),
    ('ZEWBXR7315467500', '7864691624448'),
    ('NPYIQI9504034583', '1807406792936'),
    ('RZOSMH6498429684', '6565702399469'),
    ('HGNDPH2465054462', '3162947537950'),
    ('LZHXHN7516646224', '8683451838375'),
    ('SIRGBK5611073309', '5151149974474'),
    ('DWBSFG9313602122', '9511190188027'),
    ('QWSLDB3801691936', '1062675576896'),
    ('INZGYX8105397435', '6868600006922'),
    ('AHTLQF6878740694', '6991988792956'),
    ('JATIEY8892400448', '6746509961055'),
    ('XOHMIS8110967263', '1262314162307'),
    ('YTYRPC5467486366', '6494946166387'),
    ('PVWIGL7005849996', '3104401643044'),
    ('FBSZHB5280351694', '3784013735488'),
    ('BQZCOQ5522241094', '5366908066832'),
    ('VRVJCU7404827309', '3867096003398'),
    ('IAUCVG8665724501', '4193126493215'),
    ('HXMJHR6349522199', '3034413155487'),
    ('KNIBSU7033037309', '4233596323838'),
    ('YAPGEZ8075815306', '1787832835311'),
    ('WQJHSM5974424654', '1893551912626'),
    ('FFVSSR7391935035', '2774582361206'),
    ('YYMJNS0470003281', '5299995448985'),
    ('EMBWPV0827954188', '8596061555116'),
    ('UIYRXF2889926876', '8996080659924'),
    ('NOYGWI7803048245', '5860291953087'),
    ('LNLXJS8763854964', '6660444881612'),
    ('JKFNMA6011448531', '7157474787698'),
    ('ZJUKEZ0457732734', '8266571161642'),
    ('SUTGTH9998970122', '4793032080843'),
    ('ZZGIIA6431861504', '5956052634916'),
    ('MCEOGO3281048861', '4105457156630'),
    ('FKFKFB0520779990', '4348833305271'),
    ('MCEOGO3281048861', '7267634080638'),
    ('MCEOGO3281048861', '6883386959584'),
    ('EGHMFU0247135537', '2330403486599'),
    ('FHEPCE1064658893', '7277112358911'),
    ('RDUHVY2236735448', '3893250809531'),
    ('RDUHVY2236735448', '2616934277643'),
    ('RDUHVY2236735448', '2038051363087'),
    ('PCJENW0862975880', '5424076190672'),
    ('PIRHLE9623376240', '8901083264330'),
    ('NBCKKG2805422334', '4877191102008'),
    ('NBCKKG2805422334', '6179531551586'),
    ('HJYDEL5081706414', '6847041149340'),
    ('HJYDEL5081706414', '6787292479554'),
    ('WHYBBO5722706192', '2383946587394'),
    ('ONOLKL7061621691', '1891257372866'),
    ('CECJMQ4073099277', '4389788408017'),
    ('CECJMQ4073099277', '3732941060064'),
    ('CECJMQ4073099277', '5200796179013'),
    ('CECJMQ4073099277', '2996118123342'),
    ('ZRNBPD7350012379', '5081857928100'),
    ('ZRNBPD7350012379', '3627314475044'),
    ('OWWJWF3914392291', '7021443627431'),
    ('OWWJWF3914392291', '8088332305837'),
    ('OWWJWF3914392291', '1156725355536'),
    ('OVGFMO4219324481', '1902273684084'),
    ('OVGFMO4219324481', '2514036453438'),
    ('XHNIER2678351566', '5917058737597'),
    ('XHNIER2678351566', '1880246849920'),
    ('XHNIER2678351566', '1884610284244'),
    ('XHNIER2678351566', '5929938684707'),
    ('ZMLNYW2609678839', '2919536243434'),
    ('ZMLNYW2609678839', '9968705456961'),
    ('ZMLNYW2609678839', '2468019126021'),
    ('RFSPFK4723578262', '7208725947681'),
    ('RFSPFK4723578262', '2074044251030'),
    ('RFSPFK4723578262', '7606672795967'),
    ('RFSPFK4723578262', '8881572717309'),
    ('RFSPFK4723578262', '2410988461006'),
    ('RFSPFK4723578262', '7645288239043'),
    ('RFSPFK4723578262', '5098946335026'),
    ('RFSPFK4723578262', '1424872448379'),
    ('RFSPFK4723578262', '4883430611060'),
    ('RFSPFK4723578262', '7998499769175'),
    ('RFSPFK4723578262', '3562345455768'),
    ('RFSPFK4723578262', '8849193159755'),
    ('RFSPFK4723578262', '9558822413560'),
    ('RFSPFK4723578262', '8208728468273'),
    ('RFSPFK4723578262', '1513967900830'),
    ('RFSPFK4723578262', '3900964791431'),
    ('RFSPFK4723578262', '4010588138980'),
    ('RFSPFK4723578262', '1325772573941'),
    ('RFSPFK4723578262', '4833387178110'),
    ('RFSPFK4723578262', '1297063070594'),
    ('RFSPFK4723578262', '8278649964460'),
    ('FHEPCE1064658893', '5165189473403'),
    ('FHEPCE1064658893', '9057161289300'),
    ('FHEPCE1064658893', '3392247977146'),
    ('FHEPCE1064658893', '7055413998914'),
    ('RDUHVY2236735448', '5808539288722'),
    ('RDUHVY2236735448', '2341324897735'),
    ('RDUHVY2236735448', '4865130870104'),
    ('RDUHVY2236735448', '9236883783159'),
    ('FSDQKS4335471370', '2984548660791'),
    ('FSDQKS4335471370', '2908717757667'),
    ('FSDQKS4335471370', '1190733562895'),
    ('FSDQKS4335471370', '5251229022129'),
    ('ZSZTNF9728199896', '3464870949193'),
    ('ZSZTNF9728199896', '2051349388114'),
    ('ZSZTNF9728199896', '7976366267458'),
    ('ZSZTNF9728199896', '3618165373013'),
    ('ZSZTNF9728199896', '5307552801985'),
    ('ZSZTNF9728199896', '4859627430715'),
    ('ZSZTNF9728199896', '6940858746122'),
    ('ZSZTNF9728199896', '1058671830135'),
    ('ZSZTNF9728199896', '3682886040228'),
    ('ZSZTNF9728199896', '8522131193317'),
    ('ZSZTNF9728199896', '7538869035029'),
    ('THZIYT9883135369', '7974350828156'),
    ('THZIYT9883135369', '6843032935735'),
    ('THZIYT9883135369', '8090515292511'),
    ('THZIYT9883135369', '8534374430515'),
    ('THZIYT9883135369', '2621942161547'),
    ('THZIYT9883135369', '4573405622391'),
    ('THZIYT9883135369', '3196904004788'),
    ('THZIYT9883135369', '8395977453528'),
    ('THZIYT9883135369', '4198281308049'),
    ('UUPKTL2426196083', '7563186077854'),
    ('UUPKTL2426196083', '5323367025716'),
    ('UUPKTL2426196083', '7789670443852'),
    ('UUPKTL2426196083', '2561800180158'),
    ('UUPKTL2426196083', '5343411153181'),
    ('UUPKTL2426196083', '2500968510320'),
    ('UUPKTL2426196083', '6302476968182'),
    ('UUPKTL2426196083', '4268157780373'),
    ('ETVPYZ0830990806', '4268157780373'),
    ('UUPKTL2426196083', '5227682882722'),
    ('ETVPYZ0830990806', '5227682882722'),
    ('UUPKTL2426196083', '4021618285601'),
    ('ETVPYZ0830990806', '4021618285601'),
    ('UUPKTL2426196083', '9580012940034'),
    ('ETVPYZ0830990806', '9580012940034'),
    ('UUPKTL2426196083', '9401050546092'),
    ('ETVPYZ0830990806', '9401050546092'),
    ('ETVPYZ0830990806', '7900802275178'),
    ('ETVPYZ0830990806', '5164216520987'),
    ('ETVPYZ0830990806', '9301543359209'),
    ('ETVPYZ0830990806', '9455213301062'),
    ('ETVPYZ0830990806', '1733990930012'),
    ('ETVPYZ0830990806', '7877928790586'),
    ('ETVPYZ0830990806', '2588437516248'),
    ('ETVPYZ0830990806', '7038953277143'),
    ('ETVPYZ0830990806', '8581261964559'),
    ('ETVPYZ0830990806', '4980157936773'),
    ('ETVPYZ0830990806', '4246830011486'),
    ('ETVPYZ0830990806', '8689107797956'),
    ('ETVPYZ0830990806', '7280552546902'),
    ('ETVPYZ0830990806', '2428784294117'),
    ('ETVPYZ0830990806', '4630257422769'),
    ('FHEPCE1064658893', '8099362970709'),
    ('FHEPCE1064658893', '2341104328401'),
    ('FHEPCE1064658893', '7698045958008'),
    ('FHEPCE1064658893', '7645092337292'),
    ('OPNNJD2329964662', '5363279064844'),
    ('OPNNJD2329964662', '7253871107463'),
    ('OPNNJD2329964662', '7052452078705'),
    ('OPNNJD2329964662', '2373012391029'),
    ('OPNNJD2329964662', '9994627267800'),
    ('OPNNJD2329964662', '9972432019843'),
    ('OPNNJD2329964662', '3629836810681'),
    ('OPNNJD2329964662', '4144210926547'),
    ('ETVPYZ0830990806', '3952060948959'),
    ('ETVPYZ0830990806', '6518978474728'),
    ('ETVPYZ0830990806', '3670188988194'),
    ('ETVPYZ0830990806', '1977493656379'),
    ('ETVPYZ0830990806', '5094329487607'),
    ('ETVPYZ0830990806', '9411619899886'),
    ('ETVPYZ0830990806', '5028979401530'),
    ('ETVPYZ0830990806', '2643960562451'),
    ('ETVPYZ0830990806', '5956304622161'),
    ('ETVPYZ0830990806', '7552291494555'),
    ('ETVPYZ0830990806', '2247161198705'),
    ('ETVPYZ0830990806', '1812196870543'),
    ('ETVPYZ0830990806', '1015509544311'),
    ('ETVPYZ0830990806', '3187423834262'),
    ('ETVPYZ0830990806', '6330191197988'),
    ('PIRHLE9623376240', '2166894540139'),
    ('PIRHLE9623376240', '8680429781735'),
    ('PIRHLE9623376240', '8842473780641'),
    ('PIRHLE9623376240', '7659430771263'),
    ('PIRHLE9623376240', '6151066312381'),
    ('PIRHLE9623376240', '4181611758463'),
    ('NBCKKG2805422334', '1792728998897'),
    ('NBCKKG2805422334', '3288007994017'),
    ('NBCKKG2805422334', '3947293998229'),
    ('NBCKKG2805422334', '6930714255993'),
    ('NBCKKG2805422334', '4716421833189'),
    ('NBCKKG2805422334', '9262577252166'),
    ('NBCKKG2805422334', '6718253683624'),
    ('NBCKKG2805422334', '4987439256353'),
    ('NBCKKG2805422334', '4502218644633'),
    ('NBCKKG2805422334', '2473389603325'),
    ('NBCKKG2805422334', '6504603637837'),
    ('NBCKKG2805422334', '6129435742938'),
    ('NBCKKG2805422334', '2318123561094'),
    ('NBCKKG2805422334', '6452043186677'),
    ('NBCKKG2805422334', '6285774810093'),
    ('THZIYT9883135369', '2201406782583'),
    ('THZIYT9883135369', '1956739934662'),
    ('THZIYT9883135369', '8825441095650'),
    ('THZIYT9883135369', '6264260324383'),
    ('THZIYT9883135369', '1512202260968'),
    ('THZIYT9883135369', '1550411352457'),
    ('THZIYT9883135369', '1864866988442'),
    ('THZIYT9883135369', '9122595575872'),
    ('THZIYT9883135369', '6480662345775'),
    ('UUPKTL2426196083', '6218091009218'),
    ('UUPKTL2426196083', '3499920382234'),
    ('UUPKTL2426196083', '7380864767539'),
    ('UUPKTL2426196083', '3940494668414'),
    ('UUPKTL2426196083', '3143291611307'),
    ('UUPKTL2426196083', '5786445016348'),
    ('UUPKTL2426196083', '1962484981664'),
    ('UUPKTL2426196083', '6144355670466'),
    ('ETVPYZ0830990806', '6144355670466'),
    ('UUPKTL2426196083', '1289822127069'),
    ('ETVPYZ0830990806', '1289822127069'),
    ('UUPKTL2426196083', '1350800218729'),
    ('ETVPYZ0830990806', '1350800218729'),
    ('UUPKTL2426196083', '4503985572974'),
    ('ETVPYZ0830990806', '4503985572974'),
    ('UUPKTL2426196083', '2067371818906'),
    ('ETVPYZ0830990806', '2067371818906'),
    ('LOJFGV0501942919', '5409718046547'),
    ('LOJFGV0501942919', '1526104336139'),
    ('LOJFGV0501942919', '2496669624266'),
    ('LOJFGV0501942919', '5227784941331'),
    ('LOJFGV0501942919', '8591359996955'),
    ('LOJFGV0501942919', '6186682202989'),
    ('LOJFGV0501942919', '2434594140119'),
    ('VSTFHN3778423270', '4786170273507'),
    ('VSTFHN3778423270', '3645065533683'),
    ('VSTFHN3778423270', '4699449158599'),
    ('VSTFHN3778423270', '9850639130001'),
    ('EKABKJ2358912997', '3888244500059'),
    ('EKABKJ2358912997', '2226901444059'),
    ('IGTZFQ3024624926', '5151707821730'),
    ('YSYVPG4369954364', '8917339139041'),
    ('FCUVXJ3310427691', '6756341263709'),
    ('RMVSED9619773584', '6924235960519'),
    ('RWGWAQ7841684387', '3339415542601'),
    ('QFQZUN1016053975', '1504309247850'),
    ('OTOZEP3987992265', '3039584313615'),
    ('OTOZEP3987992265', '3548650501257'),
    ('AFZOWN0228902275', '4470403175866'),
    ('MSGGAA2349436133', '7758224685687'),
    ('GOMGHG5850702357', '1935705806986'),
    ('GSYFVJ4613387358', '8994385544411'),
    ('JXEKEJ3224678136', '9697857867615'),
    ('LCUIDW9607747647', '2804030853161'),
    ('AYVCTK9526538435', '3895458530363'),
    ('BLQICR8169675893', '9716068609158'),
    ('JHHLHE2051188163', '8814312683048'),
    ('DBKVCP7152003573', '7509357454624'),
    ('HFNCBF3011459560', '5243053874965'),
    ('QZIBTU7981477899', '8207991801028'),
    ('UKLKBV2524010184', '4146445958329'),
    ('RJJWKP2427745923', '9044946053531'),
    ('RJJWKP2427745923', '7641936148630'),
    ('FFZPSE2883790111', '4478354872591'),
    ('XXDYNH5167584058', '6780110152517'),
    ('JYNDCB2979904889', '9293765779012'),
    ('UKLKBV2524010184', '3560508473826'),
    ('IGXYXQ5879654213', '7971444743441'),
    ('PHMREA1193528554', '7162343375351'),
    ('WTGAFU6849429741', '1707674852576'),
    ('QSHXKG2565600449', '2914595800768'),
    ('QSHXKG2565600449', '7708755662269'),
    ('QSHXKG2565600449', '4087961784002'),
    ('AGGNWY3003408458', '8268055316591'),
    ('VNKJMB3357886237', '5405729915697'),
    ('VNKJMB3357886237', '8843199009330'),
    ('TTIDLP1950694888', '9536618821785'),
    ('XWDULO3605987968', '3581373271843'),
    ('LVGECO0641408420', '9768077584329'),
    ('XWDULO3605987968', '4953728937603'),
    ('LVGECO0641408420', '5068554261591'),
    ('ICBKEZ8853528871', '7057862751747'),
    ('ICBKEZ8853528871', '6003852876444'),
    ('TTIDLP1950694888', '6746546190865'),
    ('IJJIED2197401958', '3812088079833'),
    ('RVXRGP3681591630', '3950418258259'),
    ('GOMGHG5850702357', '8575905108779'),
    ('GOMGHG5850702357', '6454626807548'),
    ('GOMGHG5850702357', '5182524277775'),
    ('GOMGHG5850702357', '6203751073682'),
    ('GOMGHG5850702357', '3839211189161'),
    ('IZKMZG8999591062', '2529301549008'),
    ('RPBZGY6370375717', '2985786441977'),
    ('TMEMJE0780355669', '1716346286109'),
    ('DBKVCP7152003573', '8497915999483'),
    ('HFNCBF3011459560', '7374109191092'),
    ('LKTKBQ9832906119', '3037346525910'),
    ('LKTKBQ9832906119', '7901099196080'),
    ('LKTKBQ9832906119', '2862579001033'),
    ('LKTKBQ9832906119', '9175833406998'),
    ('HBJDJK5573942534', '8353509034768'),
    ('HBJDJK5573942534', '7732461887399'),
    ('HBJDJK5573942534', '3681023244641'),
    ('HBJDJK5573942534', '4523747082382'),
    ('HBJDJK5573942534', '9957391117886'),
    ('HBJDJK5573942534', '7263227813393'),
    ('HBJDJK5573942534', '9722979623279'),
    ('UACFFX0299306764', '5683733494374'),
    ('UACFFX0299306764', '7698043905422'),
    ('UACFFX0299306764', '5848299929037'),
    ('AQZWLL3472522416', '3958421919129'),
    ('AQZWLL3472522416', '8086780897833'),
    ('AQZWLL3472522416', '8267589331724'),
    ('AQZWLL3472522416', '3046531461440'),
    ('RFSPFK4723578262', '5451978145267'),
    ('RFSPFK4723578262', '1615345132458'),
    ('RFSPFK4723578262', '5636882267252'),
    ('RFSPFK4723578262', '9500225539197'),
    ('RFSPFK4723578262', '4749915496040'),
    ('RFSPFK4723578262', '2135044891889'),
    ('RFSPFK4723578262', '1426624056804'),
    ('RFSPFK4723578262', '9090211432321'),
    ('RFSPFK4723578262', '6495530044775'),
    ('RFSPFK4723578262', '8812699047580'),
    ('RFSPFK4723578262', '7865442455373'),
    ('RFSPFK4723578262', '1709037340759'),
    ('RFSPFK4723578262', '6493472587410'),
    ('RFSPFK4723578262', '1963759630170'),
    ('RFSPFK4723578262', '6500970637799'),
    ('RFSPFK4723578262', '3064444022873'),
    ('RFSPFK4723578262', '5502864251960'),
    ('RFSPFK4723578262', '8123494514847'),
    ('RFSPFK4723578262', '7923401035421'),
    ('RFSPFK4723578262', '5587311544722'),
    ('RFSPFK4723578262', '4226313136990'),
    ('EZSTIP2944626776', '3180671815127'),
    ('EZSTIP2944626776', '4275559660828'),
    ('EZSTIP2944626776', '6821612792016'),
    ('EZSTIP2944626776', '9037778322078'),
    ('EZSTIP2944626776', '4000104952544'),
    ('EZSTIP2944626776', '8330561081724'),
    ('RDUHVY2236735448', '5644214372477'),
    ('RDUHVY2236735448', '5973140622356'),
    ('RDUHVY2236735448', '9933968778451'),
    ('RDUHVY2236735448', '3032610207274'),
    ('RDUHVY2236735448', '5516208416776'),
    ('RDUHVY2236735448', '1651739711996'),
    ('FSDQKS4335471370', '9532297840489'),
    ('FSDQKS4335471370', '6311893481236'),
    ('FSDQKS4335471370', '4096698275305'),
    ('FSDQKS4335471370', '1676884829281'),
    ('FSDQKS4335471370', '3940724084086'),
    ('FSDQKS4335471370', '6913957228634'),
    ('FSDQKS4335471370', '8763073019330'),
    ('FSDQKS4335471370', '2321535426529'),
    ('FSDQKS4335471370', '1455936008935'),
    ('OTIFPA2486054870', '7531831425186'),
    ('OTIFPA2486054870', '3591607469342'),
    ('OTIFPA2486054870', '1079661088798'),
    ('OTIFPA2486054870', '3612076576341'),
    ('OTIFPA2486054870', '3950962759080'),
    ('OTIFPA2486054870', '4917186265037'),
    ('OTIFPA2486054870', '5689055823103'),
    ('OTIFPA2486054870', '5557278791203'),
    ('OTIFPA2486054870', '8701802785378'),
    ('OTIFPA2486054870', '3983367922537'),
    ('OTIFPA2486054870', '8898959212164'),
    ('OTIFPA2486054870', '6763488537677'),
    ('OTIFPA2486054870', '6720835592360'),
    ('OTIFPA2486054870', '5502289795362'),
    ('OTIFPA2486054870', '7244423964193'),
    ('DZRWIS9659331613', '2908491341594'),
    ('DZRWIS9659331613', '6103421603871'),
    ('DZRWIS9659331613', '2378130492216'),
    ('DZRWIS9659331613', '4303357093947'),
    ('DZRWIS9659331613', '7120431606152'),
    ('DZRWIS9659331613', '3678225717207'),
    ('YMNSMK2830659611', '1075929297291'),
    ('YMNSMK2830659611', '5302256930984'),
    ('YMNSMK2830659611', '1071066275320'),
    ('YMNSMK2830659611', '1605671384651'),
    ('YMNSMK2830659611', '8600694134836'),
    ('YMNSMK2830659611', '4376123217097'),
    ('YMNSMK2830659611', '4469243070929'),
    ('ESGTFV8684268875', '5552224936786'),
    ('ESGTFV8684268875', '2099192180584'),
    ('ESGTFV8684268875', '3981646668323'),
    ('CWMPCV1203342305', '8294524667041'),
    ('CWMPCV1203342305', '2768733250807'),
    ('CWMPCV1203342305', '6619736839702'),
    ('CWMPCV1203342305', '2758374328701'),
    ('CWMPCV1203342305', '3404367435428'),
    ('CBNPVR2909110880', '4456623071036'),
    ('CBNPVR2909110880', '5221103811432'),
    ('CBNPVR2909110880', '3121511152585'),
    ('CBNPVR2909110880', '9546429322617'),
    ('MIJFTF6032514609', '7694677384812'),
    ('MIJFTF6032514609', '5819972321768'),
    ('MIJFTF6032514609', '5874569816388'),
    ('MIJFTF6032514609', '5727848331844'),
    ('MIJFTF6032514609', '7708431264926'),
    ('MIJFTF6032514609', '2736329751620'),
    ('MIJFTF6032514609', '8372641497489'),
    ('MIJFTF6032514609', '4511526153831'),
    ('MIJFTF6032514609', '7392175960545'),
    ('MIJFTF6032514609', '1214715715312'),
    ('VSTFHN3778423270', '7113001276148'),
    ('VSTFHN3778423270', '6495939296866'),
    ('VSTFHN3778423270', '3274943162484'),
    ('VSTFHN3778423270', '4738963988199'),
    ('VSTFHN3778423270', '2684621460027'),
    ('VSTFHN3778423270', '1455352400761'),
    ('FLZWBI8787342613', '2306780288946'),
    ('ORADWD0466886127', '3825710369573'),
    ('XGTFOU2246191620', '3234316199031'),
    ('EQYFZF4862629039', '8909026526911'),
    ('PIQBIV4827808552', '3333847097112'),
    ('PIQBIV4827808552', '5602067061560'),
    ('EGLUIK5851409129', '7203937601689'),
    ('FLZWBI8787342613', '2599145934221'),
    ('LETRUN3903049601', '9207697121213'),
    ('ICUZEU2521185758', '7694797225086'),
    ('TSIDIS7579470099', '1495791769132'),
    ('TSIDIS7579470099', '6650983587617'),
    ('DRURBX8423281854', '5569054219947'),
    ('WIDSQJ0926767655', '5963778025632'),
    ('KXUMXI8004623717', '9017241509151'),
    ('UFGIEY3683262901', '9257024617266');

INSERT INTO CdDvd(EAN13, Durata)
VALUES
    ('6522837333093', 144),
    ('4142990536444', 114),
    ('9404747719126', 123),
    ('9849432421035', 179),
    ('2530527161566', 99),
    ('5956410603899', 136),
    ('5937587966956', 143),
    ('6951873402923', 108),
    ('8971250689978', 144),
    ('5142916687823', 115),
    ('6936025667050', 117),
    ('4962965592003', 131),
    ('7715375446904', 116),
    ('3111756746203', 133),
    ('9264497185752', 175),
    ('8521895421102', 157),
    ('5612152018533', 153),
    ('4128092889557', 97),
    ('1154104060576', 169),
    ('1320131892906', 167),
    ('9345848241133', 109),
    ('5068250932117', 118),
    ('7214625584899', 159),
    ('1301187694886', 166),
    ('7155852436571', 149),
    ('7597910765757', 98),
    ('8450273893705', 171),
    ('6250780510198', 165),
    ('5702440681723', 92),
    ('8207268847458', 155),
    ('5112253043671', 95),
    ('4359209147825', 157),
    ('3450775937293', 142),
    ('4311988729471', 148),
    ('1519339797005', 117),
    ('8756674014410', 154),
    ('6261203553123', 122);

INSERT INTO Gadget(Nome, Costo)
VALUES
    ('USB Flash Drive', 200),
    ('Bluetooth Speaker', 500),
    ('Electric Toothbrush', 400),
    ('Portable Power Bank', 350),
    ('Reusable Shopping Bag', 100),
    ('Digital Kitchen Timer', 150),
    ('LED Flashlight', 250),
    ('Water Bottle with Infuser', 300),
    ('Multi-tool', 450),
    ('Phone Stand', 120);

INSERT INTO Cliente(CF, Nome, Cognome, Telefono, Indirizzo, Email, NumeroTessera, Punti)
VALUES
    ('CQOKYM6017935790', 'Johannes', 'Becker', '3356645911', '7 Petterle Parkway', 'jbecker0@usa.gov', '828847', 36),
    ('VEYFPR5428021930', 'Selma', 'Dooler', '7637381513', '3 Westport Park', 'sdooler1@spiegel.de', '148241', 610),
    ('SMAAVK4253899854', 'Buiron', 'Haugeh', '1125513344', '3629 Tennyson Center', 'bhaugeh2@over-blog.com', '894192', 997),
    ('CCSSFI2566543120', 'Annis', 'Goney', '1309554602', '9911 Cambridge Circle', 'agoney3@statcounter.com', '178279', 605),
    ('TIJDBW4331540159', 'Lowe', 'Fullbrook', '5263408279', '9591 Debs Crossing', 'lfullbrook4@geocities.jp', '268819', 286),
    ('VNREDZ6914912705', 'Kevina', 'Molyneux', '9866022163', '6 Orin Parkway', 'kmolyneux5@utexas.edu', '585290', 232),
    ('GXFWOW4423456628', 'Willa', 'Chander', '1393685876', '8061 Longview Street', 'wchander6@xing.com', '895326', 553),
    ('TJFMHL9028834804', 'Lonnard', 'Dressell', '1032647984', '7528 Sachs Plaza', 'ldressell7@marketwatch.com', '680343', 671),
    ('QDRSAD0147962426', 'Olva', 'Trowsdale', '1889807134', '4 Schmedeman Circle', 'otrowsdale8@google.pl', '173249', 767),
    ('CZVBYW7951063814', 'Sile', 'Hissie', '2139401030', '8 Nobel Place', 'shissie9@wikimedia.org', '478180', 921),
    ('DLHPLA9919037109', 'Minor', 'Siggins', '3546396801', '3 Prairie Rose Drive', 'msigginsa@gov.uk', '356969', 552),
    ('ICGLTA8283082328', 'Vittoria', 'Kundert', '4983126551', '717 Porter Park', 'vkundertb@themeforest.net', '559055', 324),
    ('TOCGQQ3800262961', 'Armando', 'Woollhead', '1057479794', '0 Oak Valley Parkway', 'awoollheadc@indiatimes.com', '256829', 519),
    ('KRINSD5171506701', 'Corbet', 'Geockle', '1907067500', '5942 Elgar Alley', 'cgeockled@unicef.org', '573239', 209),
    ('NHPUWM0043341255', 'Eddy', 'Antonin', '5808225341', '0 Stone Corner Place', 'eantonine@t-online.de', '431313', 42),
    ('SAYOLZ9547981866', 'Ginelle', 'Villalta', '8201981068', '4 Lunder Plaza', 'gvillaltaf@usgs.gov', '103560', 192),
    ('FGGKZI2527287238', 'Sheila', 'Lantiffe', '4649662559', '3380 Manitowish Street', 'slantiffeg@fastcompany.com', '511141', 134),
    ('NPEKDS3776433285', 'Herc', 'Leggitt', '2355300141', '649 Packers Pass', 'hleggitth@twitter.com', '169143', 516),
    ('ZJABEI6593516808', 'Elizabet', 'Gauvain', '3427723595', '257 Blackbird Avenue', 'egauvaini@theglobeandmail.com', '428293', 885),
    ('TPJKVX4767951247', 'Zonnya', 'Jarritt', '4512363637', '175 Kennedy Park', 'zjarrittj@dyndns.org', '683684', 317),
    ('VXJPLA7688813453', 'Fredi', 'Wathey', '1555571818', '32 Eastlawn Road', 'fwatheyk@wired.com', '831979', 324),
    ('EVWUBB6502288859', 'Jaimie', 'Stroban', '2863930351', '842 Cambridge Place', 'jstrobanl@mtv.com', '717431', 782),
    ('ROHBKG6165637492', 'Nadiya', 'Rounds', '4791264957', '27567 Jenifer Avenue', 'nroundsm@wp.com', '142530', 865),
    ('CTEYHZ2765626787', 'Philippa', 'Evill', '4048902974', '62290 Luster Street', 'pevilln@acquirethisname.com', '419169', 419),
    ('WIOOJC1353794577', 'Derby', 'Ferraresi', '6126683521', '331 Rowland Avenue', 'dferraresio@google.it', '181925', 424),
    ('FIYYRA9619515330', 'Emyle', 'Botterman', '7533190637', '9320 Truax Pass', 'ebottermanp@wix.com', '862147', 47),
    ('BAWBPC0834017414', 'Mordy', 'Simkins', '2221378484', '4 Valley Edge Road', 'msimkinsq@mediafire.com', '622209', 466),
    ('CIAKJK1621776077', 'Shannan', 'Hazle', '3682938817', '7582 Moose Lane', 'shazler@rediff.com', '960179', 264),
    ('MBHBQM2440077964', 'Greggory', 'Spawton', '8442747748', '8 Wayridge Street', 'gspawtons@i2i.jp', '264708', 929),
    ('INXCTR6415117164', 'Dode', 'Rhodes', '6215460369', '65761 Larry Park', 'drhodest@pbs.org', '769482', 841),
    ('EREXAM6327471653', 'Zabrina', 'Barcke', '4841763125', '181 Paget Lane', 'zbarckeu@g.co', '189730', 7),
    ('JGFZUC6741783125', 'Erek', 'Maddison', '8303090402', '2157 Sommers Court', 'emaddisonv@weebly.com', '615088', 856),
    ('JZNPPX8632426802', 'Cornall', 'Murtimer', '2163425007', '53 Butternut Street', 'cmurtimerw@cbslocal.com', '506077', 976),
    ('NJOSHI9243354099', 'Bernete', 'Fearick', '9712277109', '19832 Longview Park', 'bfearickx@un.org', '923026', 465),
    ('RWKGNR2258795426', 'Greggory', 'O` Connell', '8093353454', '3889 Marcy Road', 'goconnelly@independent.co.uk', '361235', 765),
    ('FOGLVK7835472296', 'Gwendolyn', 'Winwright', '6028479058', '84 Huxley Alley', 'gwinwrightz@princeton.edu', '934342', 100),
    ('XQYATI9735139485', 'Cariotta', 'Balsom', '2599127351', '4582 Kim Junction', 'cbalsom10@nationalgeographic.com', '473231', 873),
    ('NLPNMU1824897616', 'Daphna', 'Rapson', '6066235763', '883 Nelson Way', 'drapson11@google.nl', '173576', 286),
    ('ICGRJB6711344889', 'Brooke', 'Emblen', '4481043499', '78360 Sundown Way', 'bemblen12@creativecommons.org', '937848', 212),
    ('LTQKFH6294310694', 'Trista', 'Danielsen', '1752641927', '178 Boyd Avenue', 'tdanielsen13@bloglines.com', '613663', 30),
    ('ADIROB9151248103', 'Billie', 'Britten', '5953155382', '0645 Golf View Trail', 'bbritten14@spiegel.de', '995637', 267),
    ('GNBKQP2042383427', 'Lavina', 'Bubear', '4225967150', '75 Heffernan Point', 'lbubear15@newyorker.com', '363531', 644),
    ('WWHPXK8122987654', 'Billie', 'Proske', '9032863439', '28 Clyde Gallagher Drive', 'bproske16@senate.gov', '694439', 247),
    ('TASPPM5831168102', 'Holly-anne', 'Ivannikov', '7609846609', '91 Quincy Crossing', 'hivannikov17@amazon.co.jp', '274898', 415),
    ('MXBZBV2926963990', 'Skipper', 'Whatling', '9529658659', '509 Hermina Crossing', 'swhatling18@uiuc.edu', '913333', 985),
    ('JYODGB1569104423', 'Barty', 'Rastall', '4892905017', '02 Transport Road', 'brastall19@people.com.cn', '833370', 805),
    ('RSRYMF5579904757', 'Pennie', 'Venour', '7725319044', '1 Cordelia Place', 'pvenour1a@hatena.ne.jp', '671431', 342),
    ('NNSBFM4944875657', 'Maggi', 'Caudwell', '9002443358', '05124 Paget Junction', 'mcaudwell1b@fc2.com', '182478', 150),
    ('FMLPKY5929326331', 'Arleyne', 'Fost', '8267499522', '278 Bowman Terrace', 'afost1c@cam.ac.uk', '351191', 736),
    ('LICUYS7804960098', 'Spence', 'Mc Corley', '7857627417', '775 Linden Drive', 'smccorley1d@artisteer.com', '633263', 830),
    ('WKCWUY1551429022', 'Edd', 'Begin', '8732928068', '4 Colorado Court', 'ebegin1e@opensource.org', '429726', 723),
    ('XWAPVV3930706477', 'Nikolos', 'Ebbrell', '1843661152', '4536 Buhler Place', 'nebbrell1f@businessweek.com', '875073', 321),
    ('TVCNOO0421787090', 'Julieta', 'Ventam', '4147302203', '365 Arizona Parkway', 'jventam1g@tiny.cc', '873881', 89),
    ('KRBUMC6972238452', 'Hailee', 'Choules', '9029109803', '59 Michigan Lane', 'hchoules1h@who.int', '234573', 832),
    ('WIFAXU3670994280', 'Bride', 'Casbourne', '4849223367', '6 Independence Parkway', 'bcasbourne1i@symantec.com', '559085', 431),
    ('XRYWMT8290905527', 'Olympie', 'O`Longain', '2499270020', '9 Mallard Hill', 'oolongain1j@wordpress.com', '187832', 77),
    ('KASUGJ6040259126', 'George', 'Fundell', '2768297310', '45 Melrose Place', 'gfundell1k@oaic.gov.au', '458089', 915),
    ('MWKVBI1364400660', 'Doralin', 'Thyer', '1143215918', '25742 Coleman Trail', 'dthyer1l@is.gd', '184542', 444),
    ('HKYUYK0006787974', 'Ethelred', 'Gailor', '1452781850', '39037 Waubesa Lane', 'egailor1m@de.vu', '962395', 119),
    ('WYVUBN4704788198', 'Rodger', 'Lemoir', '5677124765', '1224 Maryland Parkway', 'rlemoir1n@apple.com', '271327', 655),
    ('LXOFFN3057255452', 'Myrlene', 'Wolton', '3303452373', '626 Canary Parkway', 'mwolton1o@wordpress.com', '809340', 299),
    ('VPZRYR5745340687', 'Ingar', 'Matushenko', '7285770002', '3100 Lien Point', 'imatushenko1p@businessinsider.com', '403112', 449),
    ('AHMTTN1710228738', 'Manya', 'Walesa', '1431254769', '2 Victoria Pass', 'mwalesa1q@cargocollective.com', '932254', 135),
    ('XJAXAD0454612840', 'Ethyl', 'Pattenden', '4589727250', '51284 Erie Road', 'epattenden1r@princeton.edu', '679220', 321),
    ('FJOQTB8909501297', 'Bridget', 'Spick', '4755368249', '975 Bultman Trail', 'bspick1s@noaa.gov', '377127', 30),
    ('EGVIMP6191484504', 'Cece', 'Kirsopp', '1476273759', '02 Kinsman Trail', 'ckirsopp1t@tripadvisor.com', '896049', 94),
    ('ZKZTPP6285684717', 'Pauly', 'Gildroy', '9939192956', '4 Blaine Lane', 'pgildroy1u@forbes.com', '268349', 999),
    ('ZKZVGA5003925448', 'Josephine', 'Emeline', '9117726833', '66072 Becker Way', 'jemeline1v@yahoo.com', '184392', 533),
    ('ELURQK0948686229', 'Gilly', 'Halversen', '6998683261', '60718 Reindahl Road', 'ghalversen1w@netscape.com', '848793', 288),
    ('DQPWXA2519183424', 'Gael', 'Jales', '9806164665', '11 Moulton Pass', 'gjales1x@forbes.com', '315734', 847),
    ('BVNTAJ1316513450', 'Lolly', 'Leguay', '5838530303', '902 Londonderry Crossing', 'lleguay1y@netscape.com', '535769', 233),
    ('EVYUZL5185052905', 'Rudy', 'Baynham', '7862789201', '036 Cody Court', 'rbaynham1z@sciencedaily.com', '163567', 500),
    ('OTWBEK7592336229', 'Huntley', 'Grundell', '5225087098', '1 Pepper Wood Plaza', 'hgrundell20@drupal.org', '669937', 549),
    ('BDYRUG5915490857', 'Tobi', 'Margett', '8889975788', '37 Norway Maple Trail', 'tmargett21@jiathis.com', '330261', 806),
    ('YRJHES1153092366', 'Leeland', 'Oger', '7892017634', '724 Farmco Hill', 'loger22@creativecommons.org', '664532', 363),
    ('KFFPMP8373118548', 'Lanie', 'Tomet', '7114294222', '3675 Holy Cross Circle', 'ltomet23@jiathis.com', '247673', 717),
    ('HUOPCR6848227663', 'Dynah', 'Sabberton', '4241070281', '3 Haas Place', 'dsabberton24@yale.edu', '612797', 2),
    ('MDFWNZ1097830313', 'Lexis', 'Staining', '1486437954', '75 Lawn Pass', 'lstaining25@google.es', '899064', 38),
    ('RSXXEZ2572660446', 'Faye', 'Marks', '7078526430', '93361 Raven Hill', 'fmarks26@sina.com.cn', '258956', 593),
    ('QAQMPZ0597242222', 'Gilles', 'Simoncini', '2805401610', '05 Forster Park', 'gsimoncini27@altervista.org', '131083', 273),
    ('BZIHME1099385810', 'Aurelea', 'Klas', '2536574389', '7148 Dakota Park', 'aklas28@tumblr.com', '615031', 678),
    ('ULOGAF8887534060', 'Clair', 'Eburah', '8921445612', '0302 Messerschmidt Plaza', 'ceburah29@constantcontact.com', '393890', 521),
    ('DLGQPE8032635046', 'Amara', 'Pellamont', '3018172912', '4529 Debs Terrace', 'apellamont2a@marketwatch.com', '117997', 369),
    ('BYIYVL8064772004', 'Fidel', 'O`Cooney', '1173740261', '47 Lakeland Plaza', 'focooney2b@spotify.com', '635064', 753),
    ('PNBMEM5100334607', 'Lucienne', 'MacMenamin', '3571949970', '3359 Pine View Hill', 'lmacmenamin2c@wix.com', '632993', 975),
    ('VLROKI9670227300', 'Rutledge', 'Powles', '3474683032', '62290 High Crossing Hill', 'rpowles2d@sciencedaily.com', '809393', 832),
    ('DMPJGN0946433319', 'Fairlie', 'Neat', '8115022947', '4262 Kinsman Place', 'fneat2e@51.la', '173277', 929),
    ('LNWRRQ6841768300', 'Simon', 'Repp', '5265665435', '91257 Summit Crossing', 'srepp2f@prlog.org', '311179', 940),
    ('JAFKKJ2576724910', 'Eugen', 'Nevins', '7692388557', '998 Forest Run Terrace', 'enevins2g@sciencedirect.com', '975550', 914),
    ('NHBBEY7936343738', 'Linet', 'Standish-Brooks', '3161080532', '70055 Fallview Center', 'lstandishbrooks2h@marketwatch.com', '751688', 296),
    ('RMOMEZ8756582397', 'Alfi', 'Clatworthy', '5027331308', '9 Cardinal Park', 'aclatworthy2i@youtube.com', '303460', 951),
    ('FUFRYC7420290261', 'Nevin', 'Triggel', '4177125307', '59 Kensington Court', 'ntriggel2j@wikipedia.org', '619475', 162),
    ('GHWHVG3008498779', 'Dukey', 'Selborne', '7485459510', '174 Daystar Trail', 'dselborne2k@adobe.com', '214190', 344),
    ('NCROOI2910185423', 'Barclay', 'Pohl', '9154797181', '7 Waubesa Way', 'bpohl2l@jimdo.com', '119313', 146),
    ('LVLARE6664531769', 'Sheila', 'Walstow', '8791108495', '62703 David Place', 'swalstow2m@scientificamerican.com', '936762', 424),
    ('FMZBVL2186171140', 'Culver', 'Christofol', '2291077385', '00 Sunbrook Parkway', 'cchristofol2n@barnesandnoble.com', '985701', 569),
    ('WCYDJI5426164824', 'Roderigo', 'Hawtry', '2415061847', '4 Kensington Alley', 'rhawtry2o@youku.com', '417335', 327),
    ('DJESXH3259221292', 'Rosemaria', 'Dod', '8778971780', '369 Killdeer Lane', 'rdod2p@imdb.com', '453966', 978),
    ('UAFKDS5028423956', 'Elton', 'Blazeby', '4831054636', '2168 Cherokee Drive', 'eblazeby2q@engadget.com', '417564', 828),
    ('PEKIYX0409921090', 'Stephie', 'Cicetti', '2532177266', '73 Nelson Point', 'scicetti2r@wikia.com', '542109', 209),
    /* CLIENTI NON TESSERATI */
    ('KJHDQL7376923060', 'Camile', 'Croston', '2969086561', '0838 Columbus Parkway', 'ccroston0@ow.ly', NULL, NULL),
    ('BUMLEC6038353309', 'Charlton', 'MacHoste', '8381283517', '79237 Donald Crossing', 'cmachoste1@cdbaby.com', NULL, NULL),
    ('MCLWEX9523097611', 'Brett', 'Dufoure', '1716937616', '2 Badeau Junction', 'bdufoure2@google.cn', NULL, NULL),
    ('HETHJG4169547377', 'Keely', 'Stook', '2439491649', '9774 Crowley Court', 'kstook3@ftc.gov', NULL, NULL),
    ('GNSQFL1662719697', 'Ingrid', 'Skirlin', '4315690901', '2374 Oxford Center', 'iskirlin4@ox.ac.uk', NULL, NULL),
    ('KCRLDX7197669507', 'Casey', 'Cicculini', '6773114752', '355 Morning Center', 'ccicculini5@go.com', NULL, NULL),
    ('FHAHAA6142564441', 'Latashia', 'Mountcastle', '9179417671', '8109 Lighthouse Bay Way', 'lmountcastle6@state.tx.us', NULL, NULL),
    ('RGCVZD3466121019', 'Mame', 'Matveiko', '6796053116', '41397 Merchant Alley', 'mmatveiko7@va.gov', NULL, NULL),
    ('TLVRWY9082315482', 'Mara', 'Mildenhall', '5244140889', '9 Westend Circle', 'mmildenhall8@baidu.com', NULL, NULL),
    ('ARGBPT3057165665', 'Pamelina', 'Boards', '7146486038', '39 Iowa Lane', 'pboards9@pcworld.com', NULL, NULL),
    ('DEJCWT2103349499', 'Aron', 'Frarey', '7032887528', '37 Autumn Leaf Circle', 'afrareya@forbes.com', NULL, NULL),
    ('NSSZDP5895330165', 'Florence', 'Krysztofiak', '6937517810', '2096 Brentwood Alley', 'fkrysztofiakb@is.gd', NULL, NULL),
    ('DTOOHU9088237466', 'Tess', 'Perrigo', '8167168660', '8040 Artisan Place', 'tperrigoc@icq.com', NULL, NULL),
    ('EINLZD0009804283', 'Heloise', 'Haszard', '5329356818', '32 Hintze Junction', 'hhaszardd@prnewswire.com', NULL, NULL),
    ('EUEBST6512858790', 'Cordi', 'Trowle', '8246800777', '7919 Hazelcrest Terrace', 'ctrowlee@ycombinator.com', NULL, NULL),
    ('OFAYCR9923749420', 'Avivah', 'Bolderstone', '8139073530', '8 Charing Cross Avenue', 'abolderstonef@statcounter.com', NULL, NULL),
    ('FSCXOW3681007761', 'Dolores', 'Ivakhnov', '9026415633', '4481 Mallory Crossing', 'divakhnovg@illinois.edu', NULL, NULL),
    ('ITHWEO8515576476', 'Bobine', 'Upchurch', '7968085033', '7 Scott Crossing', 'bupchurchh@bbc.co.uk', NULL, NULL),
    ('VNRENP8464793870', 'De witt', 'Alcott', '6552112690', '33930 Springs Terrace', 'dalcotti@disqus.com', NULL, NULL),
    ('VSPMJD1308786036', 'Joe', 'Bartzen', '4969633443', '4 Calypso Road', 'jbartzenj@ucoz.com', NULL, NULL),
    ('JZDBHC7196550933', 'Fax', 'Gecke', '2146810644', '42 Steensland Way', 'fgeckek@house.gov', NULL, NULL),
    ('MPJOQG0772535329', 'Belvia', 'Giacobini', '6132890369', '89968 Granby Lane', 'bgiacobinil@mysql.com', NULL, NULL),
    ('ZLTYKL3028498339', 'Florry', 'Muff', '9308064199', '4091 Trailsway Place', 'fmuffm@nytimes.com', NULL, NULL),
    ('WSTEVP8219927317', 'Laetitia', 'Baverstock', '8328066119', '9134 Macpherson Way', 'lbaverstockn@nature.com', NULL, NULL),
    ('HEPTTN3999783948', 'Ethelind', 'Van Dijk', '6869417615', '5 Iowa Pass', 'evandijko@princeton.edu', NULL, NULL),
    ('LJGUWI3758601346', 'Elspeth', 'Broddle', '2532503945', '922 Cambridge Hill', 'ebroddlep@twitpic.com', NULL, NULL),
    ('VOMWED8634206669', 'Otis', 'Ewles', '1961134208', '44 Swallow Drive', 'oewlesq@xrea.com', NULL, NULL),
    ('FNNPQL4737140071', 'Barbara-anne', 'Lorain', '5236714979', '4 Pawling Place', 'blorainr@auda.org.au', NULL, NULL),
    ('FIORVO7868190275', 'Hailee', 'ducarme', '4756208486', '04443 Waxwing Crossing', 'hducarmes@microsoft.com', NULL, NULL),
    ('SAHFWB4309678132', 'Marcy', 'Howey', '1672953561', '58 Prentice Plaza', 'mhoweyt@japanpost.jp', NULL, NULL);

INSERT INTO Riscatto(Cliente, Gadget, Data)
VALUES
    ('RSRYMF5579904757', 'Electric Toothbrush', '2023-12-05 10:53:44'),
    ('VPZRYR5745340687', 'Portable Power Bank', '2023-11-23 08:12:07'),
    ('CZVBYW7951063814', 'Multi-tool', '2023-10-31 03:53:12'),
    ('BZIHME1099385810', 'Portable Power Bank', '2023-07-30 15:39:52'),
    ('ADIROB9151248103', 'USB Flash Drive', '2023-07-23 16:43:16'),
    ('KRINSD5171506701', 'Water Bottle with Infuser', '2023-07-18 10:04:55'),
    ('TOCGQQ3800262961', 'Bluetooth Speaker', '2023-10-10 05:59:35'),
    ('SAYOLZ9547981866', 'Reusable Shopping Bag', '2023-11-24 08:59:21'),
    ('WIFAXU3670994280', 'Multi-tool', '2023-07-30 02:12:04'),
    ('LNWRRQ6841768300', 'Multi-tool', '2023-07-23 02:21:49'),
    ('JGFZUC6741783125', 'Bluetooth Speaker', '2024-01-22 23:11:37'),
    ('PNBMEM5100334607', 'Bluetooth Speaker', '2023-12-31 01:03:03'),
    ('KASUGJ6040259126', 'Water Bottle with Infuser', '2024-04-17 13:34:13'),
    ('BAWBPC0834017414', 'LED Flashlight', '2024-03-16 19:22:12'),
    ('FJOQTB8909501297', 'Phone Stand', '2023-09-30 17:18:08'),
    ('RSXXEZ2572660446', 'Portable Power Bank', '2024-03-30 20:13:44'),
    ('ADIROB9151248103', 'Water Bottle with Infuser', '2023-11-13 00:46:23'),
    ('WKCWUY1551429022', 'Phone Stand', '2023-11-20 19:04:00'),
    ('FMLPKY5929326331', 'Multi-tool', '2024-03-16 07:56:37'),
    ('INXCTR6415117164', 'Bluetooth Speaker', '2024-02-07 15:26:55'),
    ('LXOFFN3057255452', 'USB Flash Drive', '2024-04-07 07:06:42'),
    ('NHPUWM0043341255', 'Reusable Shopping Bag', '2023-10-27 07:29:49'),
    ('FMLPKY5929326331', 'Digital Kitchen Timer', '2024-04-05 05:26:21'),
    ('ICGRJB6711344889', 'USB Flash Drive', '2023-12-26 20:22:18'),
    ('PNBMEM5100334607', 'LED Flashlight', '2023-10-05 04:41:50'),
    ('ADIROB9151248103', 'LED Flashlight', '2023-12-21 00:52:14'),
    ('VXJPLA7688813453', 'USB Flash Drive', '2024-02-01 14:48:54'),
    ('FIYYRA9619515330', 'Phone Stand', '2024-04-01 18:36:26'),
    ('DLHPLA9919037109', 'Digital Kitchen Timer', '2024-01-25 23:35:24'),
    ('XQYATI9735139485', 'Digital Kitchen Timer', '2024-01-01 12:57:22'),
    ('TVCNOO0421787090', 'LED Flashlight', '2023-07-08 07:27:57'),
    ('MXBZBV2926963990', 'Reusable Shopping Bag', '2024-02-23 23:13:12'),
    ('TASPPM5831168102', 'Electric Toothbrush', '2023-07-27 04:20:28'),
    ('WIOOJC1353794577', 'Digital Kitchen Timer', '2024-02-22 11:19:29'),
    ('ICGLTA8283082328', 'Bluetooth Speaker', '2023-10-13 09:11:09'),
    ('XRYWMT8290905527', 'Water Bottle with Infuser', '2023-07-07 10:21:53'),
    ('VEYFPR5428021930', 'Multi-tool', '2023-10-13 01:28:25'),
    ('ZKZVGA5003925448', 'Digital Kitchen Timer', '2024-02-05 07:34:52'),
    ('QAQMPZ0597242222', 'Portable Power Bank', '2024-02-22 15:59:52'),
    ('TPJKVX4767951247', 'Multi-tool', '2024-01-30 09:40:34'),
    ('ICGRJB6711344889', 'Bluetooth Speaker', '2024-02-06 15:09:11'),
    ('XRYWMT8290905527', 'Reusable Shopping Bag', '2023-09-27 07:00:55'),
    ('LVLARE6664531769', 'USB Flash Drive', '2023-08-17 08:30:33'),
    ('ELURQK0948686229', 'LED Flashlight', '2024-01-05 07:14:47'),
    ('OTWBEK7592336229', 'Water Bottle with Infuser', '2023-07-26 11:21:12'),
    ('ZKZTPP6285684717', 'Water Bottle with Infuser', '2023-08-29 21:13:26'),
    ('ROHBKG6165637492', 'Multi-tool', '2024-02-22 14:20:09'),
    ('WIOOJC1353794577', 'Phone Stand', '2023-12-06 20:24:29'),
    ('JYODGB1569104423', 'Water Bottle with Infuser', '2023-10-29 23:36:04'),
    ('UAFKDS5028423956', 'Bluetooth Speaker', '2023-10-26 01:38:09');

INSERT INTO Recensione(Cliente, Libro, Commento, Punteggio, Data)
VALUES
    ('UAFKDS5028423956', '1651168907114', 'A captivating read from start to finish.', 1, '2023-12-05 10:53:44'),
    ('DJESXH3259221292', '6771042852861', 'Couldn`t put it down!', 1, '2023-11-23 08:12:07'),
    ('AHMTTN1710228738', '3540697843096', 'Highly recommended!', 5, '2023-10-31 03:53:12'),
    ('MBHBQM2440077964', '3771486032746', 'An absolute page-turner.', 2, '2023-07-30 15:39:52'),
    ('INXCTR6415117164', '4308069686075', 'Thoroughly enjoyable.', 4, '2023-07-23 16:43:16'),
    ('NJOSHI9243354099', '5464084057053', 'Masterfully written.', 4, '2023-07-18 10:04:55'),
    ('MDFWNZ1097830313', '1651168907114', 'Brilliantly crafted.', 4, '2023-10-10 05:59:35'),
    ('RSXXEZ2572660446', '2216709567102', 'Engaging plot and characters.', 4, '2023-11-24 08:59:21'),
    ('NHPUWM0043341255', '9404376911357', 'A must-read for any book lover.', 1, '2023-07-30 02:12:04'),
    ('HKYUYK0006787974', '2309803165745', 'A delightful escape.', 4, '2023-07-23 02:21:49'),
    ('NHBBEY7936343738', '6771042852861', 'Keeps you guessing until the end.', 2, '2024-01-22 23:11:37'),
    ('EVWUBB6502288859', '6771042852861', 'Touches the heart.', 5, '2023-12-31 01:03:03'),
    ('XQYATI9735139485', '9315788347193', 'Compelling storytelling.', 2, '2024-04-17 13:34:13'),
    ('DLHPLA9919037109', '3261018276327', 'A true literary gem.', 2, '2024-03-16 19:22:12'),
    ('BAWBPC0834017414', '6771042852861', 'Fascinating from the first page.', 3, '2023-09-30 17:18:08'),
    ('MWKVBI1364400660', '7348295966139', 'Well-developed characters.', 2, '2024-03-30 20:13:44'),
    ('BVNTAJ1316513450', '7348295966139', 'Rich in detail and atmosphere.', 2, '2023-11-13 00:46:23'),
    ('CTEYHZ2765626787', '9908139973166', 'An emotional rollercoaster.', 3, '2023-11-20 19:04:00'),
    ('LICUYS7804960098', '9315788347193', 'Thought-provoking and insightful.', 5, '2024-03-16 07:56:37'),
    ('GNBKQP2042383427', '1007284161411', 'Gripping and suspenseful.', 2, '2024-02-07 15:26:55'),
    ('BAWBPC0834017414', '1690248005800', 'Beautifully written prose.', 5, '2024-04-07 07:06:42'),
    ('FUFRYC7420290261', '1928494585426', 'Captures the imagination.', 3, '2023-10-27 07:29:49'),
    ('CQOKYM6017935790', '3316029656659', 'An instant classic.', 3, '2024-04-05 05:26:21'),
    ('VEYFPR5428021930', '7097234041584', 'A book you`ll want to share with everyone.', 1, '2023-12-26 20:22:18'),
    ('VNREDZ6914912705', '4308069686075', 'Unforgettable.', 3, '2023-10-05 04:41:50'),
    ('FGGKZI2527287238', '1690248005800', 'A journey worth taking.', 2, '2023-12-21 00:52:14'),
    ('FMZBVL2186171140', '1007284161411', 'Resonates long after you finish.', 2, '2024-02-01 14:48:54'),
    ('RMOMEZ8756582397', '4182699633928', 'Exquisitely told.', 5, '2024-04-01 18:36:26'),
    ('FGGKZI2527287238', '5728435617798', 'Transports you to another world.', 2, '2024-01-25 23:35:24'),
    ('ELURQK0948686229', '6771042852861', 'A treasure trove of wisdom.', 1, '2024-01-01 12:57:22'),
    ('KRBUMC6972238452', '6498337905320', 'Leaves you wanting more.', 2, '2023-07-08 07:27:57'),
    ('DLHPLA9919037109', '3540697843096', 'Perfect blend of mystery and suspense.', 2, '2024-02-23 23:13:12'),
    ('NCROOI2910185423', '8846481393763', 'Powerful and evocative.', 5, '2023-07-27 04:20:28'),
    ('ULOGAF8887534060', '1303950038367', 'A testament to the power of storytelling.', 5, '2024-02-22 11:19:29'),
    ('QDRSAD0147962426', '4944132019531', 'Touches on universal truths.', 5, '2023-10-13 09:11:09'),
    ('RSRYMF5579904757', '9315788347193', 'An enriching reading experience.', 5, '2023-07-07 10:21:53'),
    ('DLGQPE8032635046', '8267232701413', 'Effortlessly draws you in.', 5, '2023-10-13 01:28:25'),
    ('JZNPPX8632426802', '2655281188803', 'A modern classic in the making.', 5, '2024-02-05 07:34:52'),
    ('ZKZVGA5003925448', '3540697843096', 'Deeply moving.', 2, '2024-02-22 15:59:52'),
    ('TVCNOO0421787090', '9315788347193', 'Challenges your perspective.', 4, '2024-01-30 09:40:34'),
    ('ZKZTPP6285684717', '2118753817695', 'A tour de force of imagination.', 3, '2024-02-06 15:09:11'),
    ('HKYUYK0006787974', '8846481393763', 'Profoundly insightful.', 1, '2023-09-27 07:00:55'),
    ('VLROKI9670227300', '4308069686075', 'An absolute delight.', 5, '2023-08-17 08:30:33'),
    ('LVLARE6664531769', '1247511049020', 'An eloquent exploration of humanity.', 4, '2024-01-05 07:14:47'),
    ('TVCNOO0421787090', '7343852461512', 'Transcends genres.', 3, '2023-07-26 11:21:12'),
    ('EREXAM6327471653', '2309803165745', 'Stays with you long after you turn the final page.', 5, '2023-08-29 21:13:26'),
    ('XQYATI9735139485', '4944132019531', 'An instant favorite.', 2, '2024-02-22 14:20:09'),
    ('NCROOI2910185423', '9088124201643', 'Epic in scope.', 4, '2023-12-06 20:24:29'),
    ('INXCTR6415117164', '9088124201643', 'An ode to the beauty of language.', 5, '2023-10-29 23:36:04'),
    ('CCSSFI2566543120', '3316029656659', 'A book you`ll want to read again and again.', 2, '2023-10-26 01:38:09'),
    ('LICUYS7804960098', '6498337905320', 'Transports you to another world.', 5, '2023-10-05 04:41:50'),
    ('GHWHVG3008498779', '7380864767539', 'A modern classic in the making.', 1, '2023-11-24 08:59:21'),
    ('XRYWMT8290905527', '6650983587617', 'A true literary gem.', 1, '2024-04-01 18:36:26'),
    ('RMOMEZ8756582397', '1350800218729', 'A testament to the power of storytelling.', 1, '2024-02-23 23:13:12'),
    ('NHPUWM0043341255', '9204422519864', 'An emotional rollercoaster.', 5, '2023-07-18 10:04:55'),
    ('ZKZVGA5003925448', '5119560704299', 'An absolute page-turner.', 5, '2024-02-22 14:20:09'),
    ('NJOSHI9243354099', '1512202260968', 'An absolute delight.', 5, '2023-07-23 02:21:49'),
    ('KFFPMP8373118548', '3020922937629', 'A delightful escape.', 5, '2024-04-05 05:26:21'),
    ('YRJHES1153092366', '1455936008935', 'Epic in scope.', 5, '2024-01-30 09:40:34'),
    ('TVCNOO0421787090', '9532297840489', 'Masterfully written.', 1, '2023-11-13 00:46:23'),
    ('GHWHVG3008498779', '8849193159755', 'Captures the imagination.', 2, '2024-01-30 09:40:34'),
    ('QDRSAD0147962426', '3339415542601', 'Leaves you wanting more.', 1, '2023-07-27 04:20:28'),
    ('ICGLTA8283082328', '8575905108779', 'An absolute delight.', 3, '2024-04-05 05:26:21'),
    ('RSRYMF5579904757', '9262577252166', 'A true literary gem.', 3, '2023-11-13 00:46:23'),
    ('DJESXH3259221292', '3404367435428', 'Perfect blend of mystery and suspense.', 3, '2023-08-17 08:30:33'),
    ('TVCNOO0421787090', '3950418258259', 'Stays with you long after you turn the final page.', 3, '2023-12-31 01:03:03'),
    ('VLROKI9670227300', '6940858746122', 'An ode to the beauty of language.', 4, '2023-12-21 00:52:14'),
    ('XRYWMT8290905527', '2709922078239', 'A captivating read from start to finish.', 2, '2023-12-26 20:22:18'),
    ('ZKZVGA5003925448', '9968705456961', 'Epic in scope.', 3, '2024-02-01 14:48:54'),
    ('RSRYMF5579904757', '5299995448985', 'Perfect blend of mystery and suspense.', 3, '2023-10-29 23:36:04'),
    ('HKYUYK0006787974', '9044946053531', 'Engaging plot and characters.', 4, '2024-02-22 15:59:52'),
    ('ZJABEI6593516808', '6003852876444', 'Captures the imagination.', 4, '2023-12-05 10:53:44'),
    ('VPZRYR5745340687', '6991988792956', 'Thoroughly enjoyable.', 2, '2023-12-26 20:22:18'),
    ('QDRSAD0147962426', '1463355629631', 'An enriching reading experience.', 1, '2024-03-16 19:22:12'),
    ('BVNTAJ1316513450', '4716421833189', 'Thought-provoking and insightful.', 1, '2024-02-01 14:48:54'),
    ('EVYUZL5185052905', '2099192180584', 'Thoroughly enjoyable.', 2, '2024-02-07 15:26:55'),
    ('DJESXH3259221292', '3950962759080', 'Well-developed characters.', 5, '2023-10-13 01:28:25'),
    ('XQYATI9735139485', '4000104952544', 'Resonates long after you finish.', 3, '2024-02-23 23:13:12'),
    ('KFFPMP8373118548', '4096698275305', 'Transcends genres.', 5, '2023-07-23 02:21:49'),
    ('WIOOJC1353794577', '9207697121213', 'Beautifully written prose.', 4, '2023-10-10 05:59:35'),
    ('HUOPCR6848227663', '5221103811432', 'Highly recommended!', 2, '2023-09-27 07:00:55'),
    ('NHPUWM0043341255', '6683288999892', 'Challenges your perspective.', 1, '2024-03-30 20:13:44'),
    ('MDFWNZ1097830313', '5299995448985', 'Rich in detail and atmosphere.', 4, '2024-04-07 07:06:42'),
    ('XRYWMT8290905527', '9204422519864', 'Brilliantly crafted.', 3, '2024-02-01 14:48:54'),
    ('TPJKVX4767951247', '1455936008935', 'Effortlessly draws you in.', 5, '2023-11-24 08:59:21'),
    ('HUOPCR6848227663', '5557278791203', 'Beautifully written prose.', 5, '2023-11-24 08:59:21'),
    ('CCSSFI2566543120', '2383946587394', 'Thought-provoking and insightful.', 1, '2023-12-06 20:24:29'),
    ('UAFKDS5028423956', '8522131193317', 'Couldn`t put it down!', 2, '2024-03-16 19:22:12'),
    ('LXOFFN3057255452', '6344066937958', 'A true literary gem.', 2, '2023-11-24 08:59:21'),
    ('JGFZUC6741783125', '4793032080843', 'Profoundly insightful.', 2, '2023-07-18 10:04:55'),
    ('WCYDJI5426164824', '7244423964193', 'A treasure trove of wisdom.', 2, '2024-01-25 23:35:24'),
    ('JZNPPX8632426802', '6763488537677', 'Touches on universal truths.', 1, '2023-12-05 10:53:44'),
    ('MBHBQM2440077964', '5929938684707', 'Highly recommended!', 4, '2023-10-26 01:38:09'),
    ('BVNTAJ1316513450', '5557278791203', 'Perfect blend of mystery and suspense.', 2, '2023-07-08 07:27:57'),
    ('TJFMHL9028834804', '2514036453438', 'A delightful escape.', 3, '2024-02-22 14:20:09'),
    ('JGFZUC6741783125', '3196904004788', 'Effortlessly draws you in.', 3, '2024-02-23 23:13:12'),
    ('VPZRYR5745340687', '8534374430515', 'A journey worth taking.', 1, '2023-10-05 04:41:50'),
    ('QAQMPZ0597242222', '6650983587617', 'Leaves you wanting more.', 3, '2023-07-27 04:20:28'),
    ('SAYOLZ9547981866', '9999937113097', 'A treasure trove of wisdom.', 3, '2023-12-21 00:52:14'),
    ('VEYFPR5428021930', '8825441095650', 'A book you`ll want to share with everyone.', 1, '2023-07-27 04:20:28'),
    ('WWHPXK8122987654', '1504309247850', 'Thoroughly enjoyable.', 1, '2023-10-13 01:28:25'),
    ('NHPUWM0043341255', '3121511152585', 'Effortlessly draws you in.', 4, '2023-10-29 23:36:04'),
    ('LVLARE6664531769', '8600694134836', 'Resonates long after you finish.', 5, '2023-08-17 08:30:33'),
    ('EGVIMP6191484504', '1504309247850', 'Beautifully written prose.', 3, '2024-02-22 14:20:09'),
    ('ELURQK0948686229', '3064444022873', 'A must-read for any book lover.', 3, '2023-07-23 16:43:16'),
    ('BAWBPC0834017414', '9768077584329', 'A true literary gem.', 5, '2023-09-30 17:18:08'),
    ('NCROOI2910185423', '9057161289300', 'Deeply moving.', 1, '2023-10-31 03:53:12'),
    ('OTWBEK7592336229', '3485466895206', 'Compelling storytelling.', 2, '2024-01-25 23:35:24'),
    ('ELURQK0948686229', '2500968510320', 'Captures the imagination.', 5, '2023-08-29 21:13:26'),
    ('VXJPLA7688813453', '7374109191092', 'Perfect blend of mystery and suspense.', 2, '2024-02-22 15:59:52'),
    ('JZNPPX8632426802', '7343852461512', 'An absolute page-turner.', 1, '2023-10-31 03:53:12'),
    ('ROHBKG6165637492', '7057862751747', 'Epic in scope.', 2, '2023-10-27 07:29:49'),
    ('WYVUBN4704788198', '3104401643044', 'Challenges your perspective.', 4, '2023-07-30 02:12:04'),
    ('YRJHES1153092366', '8763073019330', 'A testament to the power of storytelling.', 2, '2024-01-25 23:35:24'),
    ('XWAPVV3930706477', '5182524277775', 'Resonates long after you finish.', 3, '2024-02-06 15:09:11'),
    ('WKCWUY1551429022', '4246830011486', 'A modern classic in the making.', 1, '2024-03-16 07:56:37'),
    ('CTEYHZ2765626787', '8090515292511', 'A journey worth taking.', 5, '2023-07-18 10:04:55'),
    ('RMOMEZ8756582397', '3629836810681', 'Deeply moving.', 4, '2023-07-27 04:20:28'),
    ('BVNTAJ1316513450', '4021618285601', 'Masterfully written.', 2, '2023-10-29 23:36:04'),
    ('EREXAM6327471653', '6500970637799', 'An absolute page-turner.', 4, '2024-01-01 12:57:22'),
    ('CQOKYM6017935790', '9017241509151', 'Keeps you guessing until the end.', 2, '2023-12-26 20:22:18'),
    ('ZKZVGA5003925448', '6264260324383', 'A delightful escape.', 5, '2023-07-27 04:20:28'),
    ('NLPNMU1824897616', '2493073896888', 'Challenges your perspective.', 1, '2023-07-27 04:20:28'),
    ('BYIYVL8064772004', '9957391117886', 'A treasure trove of wisdom.', 4, '2024-01-05 07:14:47'),
    ('NNSBFM4944875657', '3020922937629', 'A book you`ll want to read again and again.', 3, '2024-01-01 12:57:22'),
    ('VXJPLA7688813453', '5251229022129', 'A tour de force of imagination.', 3, '2023-10-13 01:28:25'),
    ('DJESXH3259221292', '1977493656379', 'Exquisitely told.', 4, '2024-03-16 07:56:37'),
    ('HUOPCR6848227663', '3339415542601', 'An absolute page-turner.', 3, '2023-07-23 16:43:16'),
    ('XQYATI9735139485', '6302476968182', 'Powerful and evocative.', 2, '2023-10-10 05:59:35'),
    ('ELURQK0948686229', '6930714255993', 'Gripping and suspenseful.', 3, '2023-10-27 07:29:49'),
    ('LXOFFN3057255452', '8881572717309', 'An eloquent exploration of humanity.', 2, '2023-12-21 00:52:14'),
    ('FMZBVL2186171140', '8996080659924', 'Transports you to another world.', 2, '2023-11-24 08:59:21'),
    ('KFFPMP8373118548', '1884610284244', 'An eloquent exploration of humanity.', 1, '2023-12-21 00:52:14'),
    ('WKCWUY1551429022', '1016152932678', 'Fascinating from the first page.', 4, '2024-01-30 09:40:34'),
    ('NPEKDS3776433285', '1058671830135', 'Brilliantly crafted.', 1, '2023-07-30 02:12:04'),
    ('NJOSHI9243354099', '2343314008672', 'An eloquent exploration of humanity.', 1, '2023-10-29 23:36:04'),
    ('RWKGNR2258795426', '4716421833189', 'Epic in scope.', 2, '2024-03-16 07:56:37'),
    ('BDYRUG5915490857', '3274943162484', 'Transcends genres.', 3, '2023-10-29 23:36:04'),
    ('NHPUWM0043341255', '3288007994017', 'An ode to the beauty of language.', 3, '2023-07-23 02:21:49'),
    ('LVLARE6664531769', '6787292479554', 'Thoroughly enjoyable.', 4, '2024-02-23 23:13:12'),
    ('LXOFFN3057255452', '4193126493215', 'A captivating read from start to finish.', 2, '2023-07-26 11:21:12'),
    ('XRYWMT8290905527', '7057862751747', 'Epic in scope.', 1, '2024-02-23 23:13:12'),
    ('TOCGQQ3800262961', '2736329751620', 'Masterfully written.', 3, '2024-01-05 07:14:47'),
    ('PNBMEM5100334607', '6847041149340', 'Rich in detail and atmosphere.', 5, '2024-02-23 23:13:12'),
    ('EGVIMP6191484504', '4254138481142', 'An instant favorite.', 1, '2024-02-22 15:59:52'),
    ('FGGKZI2527287238', '7523145104222', 'A book you`ll want to read again and again.', 1, '2024-02-22 11:19:29'),
    ('TIJDBW4331540159', '8497915999483', 'Beautifully written prose.', 3, '2023-08-29 21:13:26'),
    ('NJOSHI9243354099', '6916532465341', 'A testament to the power of storytelling.', 2, '2023-12-05 10:53:44'),
    ('TJFMHL9028834804', '3333170205043', 'A captivating read from start to finish.', 4, '2024-02-22 14:20:09'),
    ('TOCGQQ3800262961', '6495530044775', 'An instant classic.', 4, '2023-07-18 10:04:55'),
    ('JAFKKJ2576724910', '3591607469342', 'Deeply moving.', 2, '2024-04-01 18:36:26'),
    ('DMPJGN0946433319', '5243053874965', 'Gripping and suspenseful.', 1, '2024-02-22 15:59:52'),
    ('SMAAVK4253899854', '3713929868439', 'A testament to the power of storytelling.', 5, '2023-09-30 17:18:08'),
    ('TASPPM5831168102', '8497915999483', 'Perfect blend of mystery and suspense.', 1, '2023-07-30 02:12:04'),
    ('TASPPM5831168102', '2493073896888', 'Engaging plot and characters.', 5, '2023-07-30 15:39:52'),
    ('ZJABEI6593516808', '7113001276148', 'An absolute delight.', 1, '2023-07-23 16:43:16'),
    ('NNSBFM4944875657', '8294524667041', 'Perfect blend of mystery and suspense.', 3, '2023-07-26 11:21:12'),
    ('WWHPXK8122987654', '6203751073682', 'Couldn`t put it down!', 2, '2024-02-01 14:48:54'),
    ('PNBMEM5100334607', '4771728851632', 'Transports you to another world.', 3, '2023-12-05 10:53:44'),
    ('LXOFFN3057255452', '2643960562451', 'Keeps you guessing until the end.', 5, '2023-10-13 01:28:25'),
    ('TOCGQQ3800262961', '8843199009330', 'Epic in scope.', 1, '2023-07-08 07:27:57'),
    ('EVYUZL5185052905', '5218503570139', 'An instant classic.', 1, '2024-02-22 11:19:29'),
    ('ELURQK0948686229', '6495939296866', 'Perfect blend of mystery and suspense.', 1, '2024-04-01 18:36:26'),
    ('WIFAXU3670994280', '6302476968182', 'Thoroughly enjoyable.', 5, '2024-02-06 15:09:11'),
    ('PEKIYX0409921090', '1016152932678', 'A captivating read from start to finish.', 4, '2023-07-26 11:21:12'),
    ('ADIROB9151248103', '3713929868439', 'An absolute delight.', 5, '2024-04-17 13:34:13'),
    ('EREXAM6327471653', '4699449158599', 'Thoroughly enjoyable.', 4, '2024-04-17 13:34:13'),
    ('MXBZBV2926963990', '1651739711996', 'Brilliantly crafted.', 4, '2024-02-05 07:34:52'),
    ('FGGKZI2527287238', '3888244500059', 'Touches on universal truths.', 5, '2024-03-16 19:22:12'),
    ('OTWBEK7592336229', '6780110152517', 'Touches on universal truths.', 4, '2023-10-26 01:38:09'),
    ('FMZBVL2186171140', '8169029347142', 'Highly recommended!', 5, '2024-02-23 23:13:12'),
    ('UAFKDS5028423956', '2309803165745', 'An instant classic.', 4, '2024-04-17 13:34:13'),
    ('VLROKI9670227300', '8395977453528', 'Gripping and suspenseful.', 5, '2023-11-23 08:12:07'),
    ('NHBBEY7936343738', '2216709567102', 'A journey worth taking.', 1, '2023-10-27 07:29:49'),
    ('XWAPVV3930706477', '6144355670466', 'Resonates long after you finish.', 1, '2023-07-23 16:43:16'),
    ('WWHPXK8122987654', '7097234041584', 'An ode to the beauty of language.', 3, '2024-02-22 11:19:29'),
    ('ZJABEI6593516808', '8267232701413', 'An instant favorite.', 4, '2024-01-25 23:35:24'),
    ('WCYDJI5426164824', '7841283032310', 'An enriching reading experience.', 4, '2024-02-05 07:34:52'),
    ('ZKZVGA5003925448', '5068554261591', 'Perfect blend of mystery and suspense.', 2, '2024-02-07 15:26:55'),
    ('JAFKKJ2576724910', '4828141846787', 'Effortlessly draws you in.', 5, '2023-12-21 00:52:14'),
    ('WKCWUY1551429022', '4502218644633', 'Engaging plot and characters.', 4, '2023-10-13 09:11:09'),
    ('CTEYHZ2765626787', '8825441095650', 'A book you`ll want to share with everyone.', 1, '2024-03-16 07:56:37'),
    ('UAFKDS5028423956', '7606672795967', 'Gripping and suspenseful.', 4, '2023-12-05 10:53:44'),
    ('JAFKKJ2576724910', '5819972321768', 'A true literary gem.', 1, '2024-02-22 15:59:52'),
    ('JGFZUC6741783125', '8207991801028', 'A journey worth taking.', 5, '2023-11-24 08:59:21'),
    ('WIOOJC1353794577', '7976366267458', 'Deeply moving.', 2, '2023-07-30 15:39:52'),
    ('BAWBPC0834017414', '4877191102008', 'Thoroughly enjoyable.', 3, '2024-03-16 07:56:37'),
    ('SAYOLZ9547981866', '4953728937603', 'Touches the heart.', 4, '2024-03-30 20:13:44'),
    ('FGGKZI2527287238', '6218091009218', 'An emotional rollercoaster.', 5, '2024-03-16 07:56:37'),
    ('QAQMPZ0597242222', '6504603637837', 'Transcends genres.', 2, '2023-08-17 08:30:33'),
    ('ICGLTA8283082328', '5119560704299', 'An absolute delight.', 5, '2024-04-01 18:36:26'),
    ('WWHPXK8122987654', '1787832835311', 'Transcends genres.', 5, '2024-01-22 23:11:37'),
    ('QAQMPZ0597242222', '8522131193317', 'A testament to the power of storytelling.', 2, '2023-12-06 20:24:29'),
    ('SMAAVK4253899854', '3032610207274', 'Perfect blend of mystery and suspense.', 2, '2023-08-17 08:30:33'),
    ('ROHBKG6165637492', '1015509544311', 'Masterfully written.', 5, '2023-07-08 07:27:57'),
    ('ICGLTA8283082328', '7052452078705', 'Captures the imagination.', 5, '2023-10-13 01:28:25'),
    ('MXBZBV2926963990', '4511526153831', 'A must-read for any book lover.', 2, '2023-11-20 19:04:00'),
    ('NCROOI2910185423', '6056810143028', 'An emotional rollercoaster.', 1, '2024-01-30 09:40:34'),
    ('GXFWOW4423456628', '4308069686075', 'An enriching reading experience.', 5, '2023-07-23 16:43:16'),
    ('BDYRUG5915490857', '7901099196080', 'A modern classic in the making.', 5, '2024-02-06 15:09:11'),
    ('YRJHES1153092366', '2055988534622', 'An emotional rollercoaster.', 5, '2023-07-30 15:39:52'),
    ('ELURQK0948686229', '4503985572974', 'An enriching reading experience.', 2, '2023-07-08 07:27:57'),
    ('NPEKDS3776433285', '3771486032746', 'Leaves you wanting more.', 1, '2024-02-06 15:09:11'),
    ('KASUGJ6040259126', '7971444743441', 'Rich in detail and atmosphere.', 4, '2023-08-29 21:13:26'),
    ('EGVIMP6191484504', '6660444881612', 'Perfect blend of mystery and suspense.', 1, '2023-10-10 05:59:35'),
    ('CZVBYW7951063814', '1297063070594', 'A testament to the power of storytelling.', 4, '2023-10-27 07:29:49'),
    ('VLROKI9670227300', '9850639130001', 'Gripping and suspenseful.', 2, '2024-01-30 09:40:34'),
    ('WYVUBN4704788198', '7523145104222', 'Resonates long after you finish.', 5, '2023-12-05 10:53:44'),
    ('RMOMEZ8756582397', '5973140622356', 'An absolute delight.', 4, '2023-10-29 23:36:04'),
    ('TJFMHL9028834804', '4502218644633', 'Deeply moving.', 3, '2023-09-30 17:18:08'),
    ('JAFKKJ2576724910', '7841283032310', 'Masterfully written.', 1, '2023-08-29 21:13:26'),
    ('ADIROB9151248103', '3893250809531', 'An enriching reading experience.', 4, '2023-11-24 08:59:21'),
    ('MDFWNZ1097830313', '4060574885574', 'A true literary gem.', 1, '2023-07-27 04:20:28'),
    ('GHWHVG3008498779', '2434594140119', 'Keeps you guessing until the end.', 2, '2023-07-08 07:27:57'),
    ('MBHBQM2440077964', '4226313136990', 'An absolute delight.', 3, '2024-01-30 09:40:34'),
    ('DLHPLA9919037109', '4833387178110', 'Deeply moving.', 2, '2024-02-22 14:20:09'),
    ('JGFZUC6741783125', '6787292479554', 'An emotional rollercoaster.', 3, '2024-04-07 07:06:42'),
    ('RSRYMF5579904757', '2709922078239', 'An instant classic.', 3, '2024-01-05 07:14:47'),
    ('GNBKQP2042383427', '7758224685687', 'Fascinating from the first page.', 5, '2024-02-07 15:26:55'),
    ('QDRSAD0147962426', '9122595575872', 'A true literary gem.', 3, '2023-10-27 07:29:49'),
    ('WWHPXK8122987654', '2306780288946', 'Leaves you wanting more.', 2, '2023-10-10 05:59:35'),
    ('KRINSD5171506701', '8395977453528', 'An instant classic.', 1, '2023-09-27 07:00:55'),
    ('FMLPKY5929326331', '8575905108779', 'A captivating read from start to finish.', 2, '2023-10-26 01:38:09'),
    ('JGFZUC6741783125', '1690248005800', 'Brilliantly crafted.', 1, '2023-10-13 09:11:09'),
    ('JGFZUC6741783125', '3084215337102', 'Engaging plot and characters.', 5, '2023-07-23 02:21:49'),
    ('SMAAVK4253899854', '6151066312381', 'An ode to the beauty of language.', 2, '2023-11-13 00:46:23'),
    ('QAQMPZ0597242222', '5182524277775', 'A modern classic in the making.', 4, '2024-01-01 12:57:22'),
    ('JZNPPX8632426802', '9044946053531', 'A testament to the power of storytelling.', 4, '2024-02-06 15:09:11'),
    ('TOCGQQ3800262961', '2496669624266', 'Touches on universal truths.', 5, '2024-04-01 18:36:26'),
    ('TASPPM5831168102', '5409718046547', 'Keeps you guessing until the end.', 1, '2024-03-16 07:56:37'),
    ('WIOOJC1353794577', '8814312683048', 'An eloquent exploration of humanity.', 2, '2024-02-22 15:59:52'),
    ('ZKZVGA5003925448', '2341324897735', 'Touches on universal truths.', 3, '2024-04-17 13:34:13'),
    ('HUOPCR6848227663', '1426624056804', 'Transcends genres.', 3, '2023-10-26 01:38:09'),
    ('RSRYMF5579904757', '3274943162484', 'Epic in scope.', 1, '2024-04-01 18:36:26'),
    ('XQYATI9735139485', '2373012391029', 'Leaves you wanting more.', 4, '2023-12-21 00:52:14'),
    ('YRJHES1153092366', '2166894540139', 'Well-developed characters.', 2, '2024-01-30 09:40:34'),
    ('GXFWOW4423456628', '5830098722582', 'Thought-provoking and insightful.', 2, '2024-02-22 11:19:29'),
    ('BZIHME1099385810', '5227682882722', 'Transcends genres.', 2, '2024-03-30 20:13:44'),
    ('ICGLTA8283082328', '4503985572974', 'An eloquent exploration of humanity.', 4, '2023-09-30 17:18:08'),
    ('ZKZTPP6285684717', '5956304622161', 'Captures the imagination.', 3, '2023-12-31 01:03:03'),
    ('GXFWOW4423456628', '7694677384812', 'Thought-provoking and insightful.', 5, '2023-07-30 02:12:04'),
    ('FJOQTB8909501297', '6843032935735', 'A true literary gem.', 1, '2023-12-06 20:24:29'),
    ('AHMTTN1710228738', '9580012940034', 'Beautifully written prose.', 2, '2024-02-22 15:59:52'),
    ('FMLPKY5929326331', '1512202260968', 'A journey worth taking.', 5, '2023-07-30 02:12:04'),
    ('DLHPLA9919037109', '8849193159755', 'Leaves you wanting more.', 1, '2024-02-22 15:59:52'),
    ('PNBMEM5100334607', '6650983587617', 'Leaves you wanting more.', 3, '2023-11-23 08:12:07'),
    ('RSXXEZ2572660446', '5218503570139', 'Profoundly insightful.', 4, '2023-11-13 00:46:23'),
    ('NHBBEY7936343738', '6003852876444', 'Touches the heart.', 1, '2023-12-05 10:53:44'),
    ('KRBUMC6972238452', '3064444022873', 'Thought-provoking and insightful.', 4, '2023-11-13 00:46:23'),
    ('NPEKDS3776433285', '3629836810681', 'An absolute delight.', 4, '2023-08-29 21:13:26'),
    ('UAFKDS5028423956', '1063121437289', 'Keeps you guessing until the end.', 5, '2023-08-17 08:30:33'),
    ('HUOPCR6848227663', '4573405622391', 'Resonates long after you finish.', 2, '2023-12-21 00:52:14'),
    ('LTQKFH6294310694', '8208728468273', 'Transcends genres.', 3, '2024-03-30 20:13:44'),
    ('CZVBYW7951063814', '3812088079833', 'A testament to the power of storytelling.', 5, '2023-10-13 01:28:25'),
    ('KRBUMC6972238452', '3084215337102', 'Highly recommended!', 4, '2024-01-22 23:11:37'),
    ('DLGQPE8032635046', '5243053874965', 'Profoundly insightful.', 4, '2024-04-01 18:36:26'),
    ('FJOQTB8909501297', '8268055316591', 'An emotional rollercoaster.', 1, '2023-07-30 02:12:04'),
    ('DQPWXA2519183424', '1075929297291', 'An emotional rollercoaster.', 3, '2024-01-30 09:40:34'),
    ('KASUGJ6040259126', '2247161198705', 'Powerful and evocative.', 2, '2024-01-30 09:40:34'),
    ('RWKGNR2258795426', '3713929868439', 'A true literary gem.', 4, '2024-03-16 19:22:12'),
    ('BDYRUG5915490857', '3316029656659', 'Well-developed characters.', 3, '2024-02-22 15:59:52'),
    ('EGVIMP6191484504', '7552291494555', 'An ode to the beauty of language.', 5, '2023-07-27 04:20:28'),
    ('NNSBFM4944875657', '3888244500059', 'Masterfully written.', 1, '2024-02-07 15:26:55'),
    ('EREXAM6327471653', '7645092337292', 'Deeply moving.', 1, '2023-08-17 08:30:33'),
    ('FIYYRA9619515330', '7208725947681', 'Well-developed characters.', 5, '2024-01-05 07:14:47'),
    ('WIFAXU3670994280', '3196904004788', 'A book you`ll want to share with everyone.', 3, '2023-12-26 20:22:18'),
    ('XQYATI9735139485', '3784013735488', 'Keeps you guessing until the end.', 3, '2024-02-22 15:59:52'),
    ('NNSBFM4944875657', '1015509544311', 'Rich in detail and atmosphere.', 3, '2024-03-16 07:56:37'),
    ('WIOOJC1353794577', '3888244500059', 'A must-read for any book lover.', 2, '2024-01-25 23:35:24'),
    ('VLROKI9670227300', '3234316199031', 'Unforgettable.', 2, '2024-04-07 07:06:42'),
    ('LNWRRQ6841768300', '4267846908030', 'An emotional rollercoaster.', 4, '2024-01-05 07:14:47'),
    ('CQOKYM6017935790', '8591359996955', 'A true literary gem.', 1, '2023-09-27 07:00:55'),
    ('XWAPVV3930706477', '2500968510320', 'An instant classic.', 5, '2024-01-22 23:11:37'),
    ('JYODGB1569104423', '5786445016348', 'Masterfully written.', 3, '2024-01-30 09:40:34'),
    ('FMLPKY5929326331', '1550411352457', 'A testament to the power of storytelling.', 3, '2024-03-30 20:13:44'),
    ('FGGKZI2527287238', '7864691624448', 'A captivating read from start to finish.', 3, '2023-07-07 10:21:53'),
    ('VEYFPR5428021930', '7523145104222', 'Transports you to another world.', 4, '2023-07-23 16:43:16'),
    ('TVCNOO0421787090', '2247161198705', 'Captures the imagination.', 5, '2023-10-29 23:36:04'),
    ('XWAPVV3930706477', '4376123217097', 'A book you`ll want to read again and again.', 3, '2024-04-17 13:34:13'),
    ('NNSBFM4944875657', '3900964791431', 'Challenges your perspective.', 4, '2023-11-13 00:46:23'),
    ('ELURQK0948686229', '6338380481655', 'Engaging plot and characters.', 2, '2024-04-01 18:36:26'),
    ('YRJHES1153092366', '2616934277643', 'An enriching reading experience.', 3, '2023-07-27 04:20:28'),
    ('WIFAXU3670994280', '4456623071036', 'Engaging plot and characters.', 1, '2023-07-26 11:21:12'),
    ('GNBKQP2042383427', '4198281308049', 'Deeply moving.', 2, '2023-12-31 01:03:03'),
    ('CCSSFI2566543120', '2588437516248', 'A testament to the power of storytelling.', 3, '2023-12-26 20:22:18'),
    ('WIFAXU3670994280', '8683451838375', 'Touches the heart.', 1, '2023-10-26 01:38:09'),
    ('VNREDZ6914912705', '3591607469342', 'Thought-provoking and insightful.', 4, '2023-11-13 00:46:23'),
    ('ZJABEI6593516808', '5973140622356', 'An absolute page-turner.', 4, '2023-10-27 07:29:49'),
    ('MWKVBI1364400660', '9667938866103', 'Transports you to another world.', 2, '2023-07-26 11:21:12'),
    ('MXBZBV2926963990', '7698045958008', 'Masterfully written.', 3, '2023-12-05 10:53:44'),
    ('VEYFPR5428021930', '8497915999483', 'Engaging plot and characters.', 4, '2023-11-13 00:46:23'),
    ('GNBKQP2042383427', '2774582361206', 'A book you`ll want to read again and again.', 1, '2024-04-05 05:26:21'),
    ('CTEYHZ2765626787', '2919536243434', 'Transports you to another world.', 5, '2023-12-31 01:03:03'),
    ('SAYOLZ9547981866', '6913957228634', 'Well-developed characters.', 2, '2024-02-06 15:09:11'),
    ('BYIYVL8064772004', '4523747082382', 'Epic in scope.', 2, '2023-07-30 02:12:04'),
    ('WIFAXU3670994280', '5831756503822', 'Touches on universal truths.', 4, '2024-02-05 07:34:52'),
    ('ULOGAF8887534060', '3678225717207', 'A treasure trove of wisdom.', 1, '2023-11-23 08:12:07'),
    ('JYODGB1569104423', '3310983915256', 'A journey worth taking.', 1, '2023-11-20 19:04:00'),
    ('RMOMEZ8756582397', '7641936148630', 'Gripping and suspenseful.', 4, '2024-01-30 09:40:34'),
    ('WIFAXU3670994280', '9761932674385', 'A true literary gem.', 5, '2023-10-27 07:29:49'),
    ('UAFKDS5028423956', '6493472587410', 'An eloquent exploration of humanity.', 1, '2024-01-25 23:35:24'),
    ('JGFZUC6741783125', '1015509544311', 'Couldn`t put it down!', 3, '2023-10-31 03:53:12'),
    ('BAWBPC0834017414', '3288007994017', 'Captures the imagination.', 1, '2023-10-26 01:38:09'),
    ('FUFRYC7420290261', '5830098722582', 'Unforgettable.', 1, '2024-01-30 09:40:34'),
    ('GNBKQP2042383427', '5830098722582', 'Effortlessly draws you in.', 2, '2023-10-31 03:53:12'),
    ('BDYRUG5915490857', '6218091009218', 'An enriching reading experience.', 3, '2024-04-17 13:34:13'),
    ('ULOGAF8887534060', '8849193159755', 'Deeply moving.', 4, '2023-11-13 00:46:23'),
    ('CCSSFI2566543120', '3039584313615', 'A treasure trove of wisdom.', 4, '2023-12-06 20:24:29'),
    ('XQYATI9735139485', '9536618821785', 'Engaging plot and characters.', 5, '2024-04-01 18:36:26'),
    ('NNSBFM4944875657', '7531831425186', 'Gripping and suspenseful.', 5, '2024-01-22 23:11:37'),
    ('VNREDZ6914912705', '4376123217097', 'An ode to the beauty of language.', 4, '2024-01-25 23:35:24'),
    ('NPEKDS3776433285', '2709922078239', 'A book you`ll want to read again and again.', 2, '2024-01-30 09:40:34'),
    ('XWAPVV3930706477', '8090515292511', 'An emotional rollercoaster.', 3, '2023-08-17 08:30:33'),
    ('XRYWMT8290905527', '7531831425186', 'An eloquent exploration of humanity.', 5, '2024-02-22 15:59:52'),
    ('ELURQK0948686229', '4267846908030', 'Profoundly insightful.', 2, '2023-11-13 00:46:23'),
    ('EVWUBB6502288859', '1513967900830', 'A captivating read from start to finish.', 2, '2023-07-26 11:21:12'),
    ('KFFPMP8373118548', '1812196870543', 'Transports you to another world.', 5, '2023-07-23 16:43:16'),
    ('FJOQTB8909501297', '6504603637837', 'Beautifully written prose.', 4, '2024-04-01 18:36:26'),
    ('NCROOI2910185423', '9722979623279', 'Thought-provoking and insightful.', 5, '2023-11-20 19:04:00'),
    ('LTQKFH6294310694', '2055988534622', 'Fascinating from the first page.', 1, '2023-12-31 01:03:03'),
    ('XWAPVV3930706477', '4503985572974', 'Gripping and suspenseful.', 5, '2023-07-07 10:21:53'),
    ('CTEYHZ2765626787', '1058671830135', 'Unforgettable.', 5, '2023-07-23 02:21:49'),
    ('ELURQK0948686229', '1455352400761', 'Profoundly insightful.', 5, '2023-08-29 21:13:26'),
    ('XJAXAD0454612840', '3333847097112', 'Keeps you guessing until the end.', 2, '2023-12-06 20:24:29'),
    ('KFFPMP8373118548', '5151707821730', 'Thoroughly enjoyable.', 3, '2024-01-01 12:57:22'),
    ('MWKVBI1364400660', '4303357093947', 'Effortlessly draws you in.', 2, '2024-04-05 05:26:21'),
    ('CTEYHZ2765626787', '2497825292357', 'Touches on universal truths.', 2, '2023-07-30 02:12:04'),
    ('BAWBPC0834017414', '8591359996955', 'Touches the heart.', 3, '2023-10-10 05:59:35'),
    ('XRYWMT8290905527', '1977493656379', 'An instant classic.', 2, '2024-03-16 07:56:37'),
    ('JAFKKJ2576724910', '9207697121213', 'A tour de force of imagination.', 4, '2023-07-23 02:21:49'),
    ('EVYUZL5185052905', '1891257372866', 'Challenges your perspective.', 1, '2023-09-30 17:18:08'),
    ('UAFKDS5028423956', '1733990930012', 'Touches the heart.', 1, '2023-07-18 10:04:55'),
    ('MDFWNZ1097830313', '3981646668323', 'Touches the heart.', 3, '2023-07-27 04:20:28'),
    ('MBHBQM2440077964', '5973140622356', 'Exquisitely told.', 1, '2024-03-16 19:22:12'),
    ('NNSBFM4944875657', '9088124201643', 'Thought-provoking and insightful.', 2, '2023-11-24 08:59:21'),
    ('ULOGAF8887534060', '7606672795967', 'Beautifully written prose.', 4, '2023-10-13 01:28:25'),
    ('WKCWUY1551429022', '8825441095650', 'Rich in detail and atmosphere.', 2, '2024-02-23 23:13:12'),
    ('WIOOJC1353794577', '3653004225426', 'Leaves you wanting more.', 3, '2024-01-30 09:40:34'),
    ('CCSSFI2566543120', '5221103811432', 'A journey worth taking.', 1, '2023-10-29 23:36:04'),
    ('HUOPCR6848227663', '7689410294217', 'Epic in scope.', 5, '2023-10-13 01:28:25'),
    ('CQOKYM6017935790', '2434594140119', 'An eloquent exploration of humanity.', 4, '2023-10-13 09:11:09'),
    ('KASUGJ6040259126', '1058671830135', 'Stays with you long after you turn the final page.', 3, '2023-10-31 03:53:12'),
    ('WCYDJI5426164824', '7645288239043', 'Couldn`t put it down!', 4, '2023-10-13 01:28:25'),
    ('JZNPPX8632426802', '5644214372477', 'Gripping and suspenseful.', 5, '2024-03-16 07:56:37'),
    ('TVCNOO0421787090', '7645288239043', 'Effortlessly draws you in.', 4, '2023-07-26 11:21:12'),
    ('INXCTR6415117164', '4917186265037', 'A book you`ll want to read again and again.', 1, '2023-10-10 05:59:35'),
    ('XRYWMT8290905527', '9716068609158', 'Couldn`t put it down!', 2, '2024-01-30 09:40:34'),
    ('DLHPLA9919037109', '1676884829281', 'A book you`ll want to read again and again.', 4, '2024-04-01 18:36:26'),
    ('NJOSHI9243354099', '6780110152517', 'Masterfully written.', 5, '2024-01-05 07:14:47'),
    ('NHBBEY7936343738', '4105457156630', 'An emotional rollercoaster.', 1, '2023-10-26 01:38:09'),
    ('GHWHVG3008498779', '8898959212164', 'A testament to the power of storytelling.', 1, '2023-10-10 05:59:35'),
    ('DLGQPE8032635046', '4833387178110', 'Effortlessly draws you in.', 5, '2024-02-22 14:20:09'),
    ('JYODGB1569104423', '6498337905320', 'Gripping and suspenseful.', 4, '2024-01-05 07:14:47'),
    ('RWKGNR2258795426', '5502864251960', 'Captures the imagination.', 2, '2023-10-29 23:36:04'),
    ('DMPJGN0946433319', '6179531551586', 'Touches the heart.', 1, '2024-02-22 14:20:09'),
    ('EVYUZL5185052905', '9236883783159', 'A true literary gem.', 1, '2023-07-30 15:39:52'),
    ('VNREDZ6914912705', '1676884829281', 'An enriching reading experience.', 1, '2024-01-22 23:11:37'),
    ('PNBMEM5100334607', '3900964791431', 'Effortlessly draws you in.', 1, '2023-10-31 03:53:12'),
    ('FIYYRA9619515330', '1079661088798', 'Exquisitely told.', 5, '2023-07-30 15:39:52'),
    ('LXOFFN3057255452', '2074044251030', 'Touches on universal truths.', 2, '2023-07-27 04:20:28'),
    ('BYIYVL8064772004', '8763073019330', 'Powerful and evocative.', 2, '2023-08-29 21:13:26'),
    ('DJESXH3259221292', '5098946335026', 'An eloquent exploration of humanity.', 5, '2023-07-08 07:27:57'),
    ('TASPPM5831168102', '1424872448379', 'Keeps you guessing until the end.', 5, '2023-10-26 01:38:09'),
    ('LNWRRQ6841768300', '5929938684707', 'Well-developed characters.', 1, '2023-08-29 21:13:26'),
    ('ZJABEI6593516808', '9221662537627', 'A must-read for any book lover.', 3, '2023-12-06 20:24:29'),
    ('VXJPLA7688813453', '5727848331844', 'An instant favorite.', 1, '2023-07-08 07:27:57'),
    ('TASPPM5831168102', '3121511152585', 'A book you`ll want to read again and again.', 5, '2024-02-22 11:19:29'),
    ('KFFPMP8373118548', '6780110152517', 'Highly recommended!', 4, '2024-03-16 07:56:37'),
    ('WKCWUY1551429022', '2768733250807', 'Thought-provoking and insightful.', 2, '2023-10-05 04:41:50'),
    ('TJFMHL9028834804', '7698045958008', 'Deeply moving.', 3, '2023-07-07 10:21:53'),
    ('LTQKFH6294310694', '7974350828156', 'A testament to the power of storytelling.', 2, '2023-10-27 07:29:49'),
    ('MDFWNZ1097830313', '6660444881612', 'Challenges your perspective.', 4, '2023-10-31 03:53:12'),
    ('KRBUMC6972238452', '9293765779012', 'A captivating read from start to finish.', 1, '2023-10-10 05:59:35'),
    ('ICGLTA8283082328', '1071066275320', 'A captivating read from start to finish.', 1, '2023-10-13 01:28:25'),
    ('HUOPCR6848227663', '5276391713978', 'Thought-provoking and insightful.', 2, '2023-12-21 00:52:14'),
    ('WWHPXK8122987654', '9044946053531', 'An eloquent exploration of humanity.', 4, '2024-01-05 07:14:47'),
    ('KRBUMC6972238452', '2985786441977', 'An emotional rollercoaster.', 1, '2023-10-05 04:41:50'),
    ('TPJKVX4767951247', '6746546190865', 'A treasure trove of wisdom.', 5, '2023-11-20 19:04:00'),
    ('DMPJGN0946433319', '1325772573941', 'Transcends genres.', 4, '2023-12-21 00:52:14'),
    ('WIFAXU3670994280', '4749915496040', 'Keeps you guessing until the end.', 1, '2023-07-07 10:21:53'),
    ('BYIYVL8064772004', '3274943162484', 'Transcends genres.', 1, '2023-10-31 03:53:12'),
    ('ICGLTA8283082328', '7606672795967', 'Unforgettable.', 1, '2023-11-24 08:59:21'),
    ('HKYUYK0006787974', '1707674852576', 'Touches the heart.', 4, '2024-02-01 14:48:54'),
    ('VLROKI9670227300', '7208725947681', 'Compelling storytelling.', 2, '2023-12-06 20:24:29'),
    ('ULOGAF8887534060', '8268055316591', 'Leaves you wanting more.', 1, '2023-07-08 07:27:57'),
    ('RSRYMF5579904757', '2758374328701', 'Touches on universal truths.', 3, '2023-11-20 19:04:00'),
    ('ULOGAF8887534060', '2529301549008', 'A tour de force of imagination.', 1, '2023-10-13 09:11:09'),
    ('CQOKYM6017935790', '3950418258259', 'Thought-provoking and insightful.', 4, '2023-07-30 15:39:52'),
    ('INXCTR6415117164', '5917058737597', 'Perfect blend of mystery and suspense.', 3, '2023-09-30 17:18:08'),
    ('NJOSHI9243354099', '5081857928100', 'Exquisitely told.', 3, '2024-01-05 07:14:47'),
    ('QDRSAD0147962426', '1495791769132', 'Engaging plot and characters.', 2, '2024-02-06 15:09:11'),
    ('SAYOLZ9547981866', '7864691624448', 'Challenges your perspective.', 1, '2023-07-30 15:39:52'),
    ('HUOPCR6848227663', '5963778025632', 'Touches on universal truths.', 4, '2023-10-13 01:28:25'),
    ('MXBZBV2926963990', '9301543359209', 'Masterfully written.', 4, '2024-02-22 11:19:29'),
    ('CCSSFI2566543120', '7343852461512', 'Thought-provoking and insightful.', 2, '2023-10-13 01:28:25'),
    ('EVWUBB6502288859', '2309803165745', 'Thought-provoking and insightful.', 1, '2023-07-23 02:21:49'),
    ('PNBMEM5100334607', '9546429322617', 'Engaging plot and characters.', 3, '2023-12-31 01:03:03'),
    ('YRJHES1153092366', '3064444022873', 'Deeply moving.', 3, '2023-07-30 02:12:04'),
    ('VLROKI9670227300', '8497915999483', 'Deeply moving.', 4, '2024-02-05 07:34:52'),
    ('RSXXEZ2572660446', '5727848331844', 'Profoundly insightful.', 3, '2024-01-25 23:35:24'),
    ('MDFWNZ1097830313', '3032610207274', 'Touches the heart.', 5, '2023-12-31 01:03:03'),
    ('UAFKDS5028423956', '4275559660828', 'Keeps you guessing until the end.', 1, '2024-02-07 15:26:55'),
    ('RSXXEZ2572660446', '4469243070929', 'Beautifully written prose.', 2, '2024-04-01 18:36:26'),
    ('VNREDZ6914912705', '6780110152517', 'Challenges your perspective.', 3, '2023-08-29 21:13:26'),
    ('WIFAXU3670994280', '2497825292357', 'A delightful escape.', 2, '2024-01-01 12:57:22'),
    ('NJOSHI9243354099', '8534374430515', 'An instant favorite.', 4, '2023-07-08 07:27:57'),
    ('RSRYMF5579904757', '4865130870104', 'A testament to the power of storytelling.', 5, '2023-11-24 08:59:21'),
    ('VPZRYR5745340687', '7606672795967', 'Gripping and suspenseful.', 5, '2024-04-05 05:26:21'),
    ('WIOOJC1353794577', '1016152932678', 'Perfect blend of mystery and suspense.', 1, '2023-07-26 11:21:12'),
    ('XWAPVV3930706477', '9257024617266', 'Epic in scope.', 3, '2024-03-30 20:13:44'),
    ('TJFMHL9028834804', '4178212721752', 'Resonates long after you finish.', 4, '2023-12-05 10:53:44'),
    ('QDRSAD0147962426', '7374109191092', 'Touches on universal truths.', 2, '2023-07-18 10:04:55'),
    ('EREXAM6327471653', '2496669624266', 'Well-developed characters.', 2, '2023-11-13 00:46:23'),
    ('MBHBQM2440077964', '1400639252763', 'Keeps you guessing until the end.', 5, '2023-12-26 20:22:18'),
    ('KRBUMC6972238452', '2383946587394', 'Transports you to another world.', 5, '2023-10-13 01:28:25'),
    ('NJOSHI9243354099', '1733990930012', 'Stays with you long after you turn the final page.', 5, '2024-01-01 12:57:22'),
    ('MWKVBI1364400660', '4944132019531', 'Captures the imagination.', 3, '2023-12-26 20:22:18'),
    ('INXCTR6415117164', '1963759630170', 'Touches on universal truths.', 2, '2024-02-06 15:09:11'),
    ('XJAXAD0454612840', '5323367025716', 'Brilliantly crafted.', 1, '2024-01-25 23:35:24'),
    ('SAYOLZ9547981866', '7645288239043', 'An enriching reading experience.', 4, '2023-10-27 07:29:49'),
    ('FMZBVL2186171140', '9262577252166', 'A modern classic in the making.', 5, '2023-10-31 03:53:12'),
    ('WYVUBN4704788198', '2684621460027', 'Exquisitely told.', 5, '2023-08-29 21:13:26'),
    ('MXBZBV2926963990', '7732461887399', 'Brilliantly crafted.', 5, '2023-07-18 10:04:55'),
    ('YRJHES1153092366', '8123494514847', 'Exquisitely told.', 2, '2023-07-08 07:27:57'),
    ('JGFZUC6741783125', '3812088079833', 'Challenges your perspective.', 2, '2024-03-16 07:56:37'),
    ('ICGRJB6711344889', '1289822127069', 'An absolute delight.', 4, '2023-07-07 10:21:53'),
    ('MXBZBV2926963990', '2919536243434', 'Deeply moving.', 2, '2023-11-23 08:12:07'),
    ('VPZRYR5745340687', '7789670443852', 'Well-developed characters.', 1, '2024-04-17 13:34:13'),
    ('BDYRUG5915490857', '6756341263709', 'Exquisitely told.', 4, '2024-02-23 23:13:12'),
    ('CIAKJK1621776077', '7659430771263', 'Couldn`t put it down!', 1, '2023-11-24 08:59:21'),
    ('NHBBEY7936343738', '5098946335026', 'Effortlessly draws you in.', 3, '2023-12-06 20:24:29'),
    ('ICGRJB6711344889', '3958421919129', 'Captures the imagination.', 4, '2024-03-16 19:22:12'),
    ('NNSBFM4944875657', '1455352400761', 'Touches on universal truths.', 3, '2023-11-24 08:59:21'),
    ('RMOMEZ8756582397', '9293765779012', 'A book you`ll want to share with everyone.', 1, '2023-07-08 07:27:57'),
    ('FGGKZI2527287238', '3591607469342', 'Leaves you wanting more.', 3, '2023-07-23 02:21:49'),
    ('DLGQPE8032635046', '1079661088798', 'Powerful and evocative.', 5, '2023-12-05 10:53:44'),
    ('BYIYVL8064772004', '3020922937629', 'Captures the imagination.', 4, '2023-10-29 23:36:04'),
    ('QDRSAD0147962426', '8701802785378', 'A journey worth taking.', 3, '2024-03-30 20:13:44'),
    ('BAWBPC0834017414', '7253871107463', 'Masterfully written.', 1, '2023-10-29 23:36:04'),
    ('ICGLTA8283082328', '5808539288722', 'Resonates long after you finish.', 2, '2024-02-06 15:09:11'),
    ('RSXXEZ2572660446', '7280552546902', 'An absolute page-turner.', 2, '2024-03-30 20:13:44'),
    ('UAFKDS5028423956', '6619736839702', 'An instant favorite.', 2, '2024-03-16 19:22:12'),
    ('FMLPKY5929326331', '4105457156630', 'An enriching reading experience.', 2, '2023-11-20 19:04:00'),
    ('ROHBKG6165637492', '1956739934662', 'A testament to the power of storytelling.', 1, '2024-02-05 07:34:52'),
    ('ELURQK0948686229', '8683451838375', 'Transcends genres.', 5, '2023-07-23 02:21:49'),
    ('LTQKFH6294310694', '1190733562895', 'Powerful and evocative.', 3, '2023-12-26 20:22:18'),
    ('LXOFFN3057255452', '9933968778451', 'Engaging plot and characters.', 1, '2023-08-17 08:30:33'),
    ('DLHPLA9919037109', '8843199009330', 'Couldn`t put it down!', 5, '2024-04-05 05:26:21'),
    ('VLROKI9670227300', '7280552546902', 'An ode to the beauty of language.', 4, '2024-02-01 14:48:54'),
    ('WIOOJC1353794577', '9908139973166', 'Thought-provoking and insightful.', 2, '2023-08-17 08:30:33'),
    ('ROHBKG6165637492', '4597008590365', 'A book you`ll want to share with everyone.', 1, '2024-04-07 07:06:42'),
    ('BZIHME1099385810', '6338380481655', 'A treasure trove of wisdom.', 1, '2024-02-22 15:59:52'),
    ('EVYUZL5185052905', '1977493656379', 'Engaging plot and characters.', 1, '2023-12-21 00:52:14'),
    ('CTEYHZ2765626787', '5602067061560', 'A testament to the power of storytelling.', 4, '2024-03-16 07:56:37'),
    ('EVWUBB6502288859', '1651168907114', 'Challenges your perspective.', 3, '2024-04-01 18:36:26'),
    ('CZVBYW7951063814', '4917186265037', 'Thought-provoking and insightful.', 5, '2023-07-26 11:21:12'),
    ('MBHBQM2440077964', '2383946587394', 'An instant classic.', 1, '2024-03-16 19:22:12'),
    ('AHMTTN1710228738', '4254138481142', 'Engaging plot and characters.', 3, '2024-04-07 07:06:42'),
    ('ADIROB9151248103', '3540697843096', 'Epic in scope.', 2, '2024-01-05 07:14:47'),
    ('EGVIMP6191484504', '7563186077854', 'Well-developed characters.', 5, '2024-02-06 15:09:11'),
    ('INXCTR6415117164', '6660444881612', 'Touches on universal truths.', 4, '2023-07-23 16:43:16'),
    ('VXJPLA7688813453', '6330191197988', 'An eloquent exploration of humanity.', 3, '2024-04-07 07:06:42'),
    ('FGGKZI2527287238', '3784013735488', 'An enriching reading experience.', 5, '2024-04-05 05:26:21'),
    ('LICUYS7804960098', '5200796179013', 'Challenges your perspective.', 1, '2024-03-16 07:56:37'),
    ('XQYATI9735139485', '2118753817695', 'Thought-provoking and insightful.', 1, '2023-10-31 03:53:12'),
    ('WKCWUY1551429022', '3983367922537', 'A true literary gem.', 5, '2023-07-23 02:21:49'),
    ('QDRSAD0147962426', '6454626807548', 'Keeps you guessing until the end.', 4, '2024-02-22 14:20:09'),
    ('BYIYVL8064772004', '4060574885574', 'A true literary gem.', 2, '2024-03-16 19:22:12'),
    ('SMAAVK4253899854', '6344066937958', 'A captivating read from start to finish.', 5, '2023-08-17 08:30:33'),
    ('KRINSD5171506701', '4786170273507', 'Challenges your perspective.', 3, '2023-12-21 00:52:14'),
    ('ROHBKG6165637492', '1016152932678', 'Deeply moving.', 1, '2024-02-05 07:34:52'),
    ('ULOGAF8887534060', '9958793340097', 'Challenges your perspective.', 2, '2023-09-30 17:18:08'),
    ('EREXAM6327471653', '6330191197988', 'An enriching reading experience.', 1, '2023-11-23 08:12:07'),
    ('INXCTR6415117164', '2497825292357', 'Keeps you guessing until the end.', 4, '2024-04-17 13:34:13'),
    ('DLGQPE8032635046', '4573405622391', 'A book you`ll want to share with everyone.', 1, '2024-02-23 23:13:12'),
    ('XRYWMT8290905527', '3867096003398', 'Brilliantly crafted.', 5, '2023-11-13 00:46:23'),
    ('KRBUMC6972238452', '3627314475044', 'Fascinating from the first page.', 4, '2023-07-23 02:21:49'),
    ('MDFWNZ1097830313', '1455352400761', 'Epic in scope.', 1, '2024-04-07 07:06:42'),
    ('INXCTR6415117164', '2643960562451', 'Highly recommended!', 2, '2023-10-05 04:41:50'),
    ('UAFKDS5028423956', '5689055823103', 'An eloquent exploration of humanity.', 5, '2023-07-18 10:04:55'),
    ('ZKZTPP6285684717', '1058671830135', 'A treasure trove of wisdom.', 2, '2024-02-22 14:20:09'),
    ('DQPWXA2519183424', '7901099196080', 'A book you`ll want to read again and again.', 1, '2024-03-16 07:56:37'),
    ('HUOPCR6848227663', '2226901444059', 'Unforgettable.', 5, '2023-10-10 05:59:35'),
    ('OTWBEK7592336229', '3064444022873', 'An eloquent exploration of humanity.', 5, '2023-07-30 15:39:52'),
    ('WWHPXK8122987654', '3958421919129', 'Beautifully written prose.', 4, '2024-02-22 15:59:52'),
    ('BVNTAJ1316513450', '6868600006922', 'Brilliantly crafted.', 2, '2023-07-23 02:21:49'),
    ('NCROOI2910185423', '4944132019531', 'A treasure trove of wisdom.', 2, '2023-07-30 15:39:52'),
    ('RWKGNR2258795426', '6683288999892', 'Challenges your perspective.', 5, '2023-12-21 00:52:14'),
    ('FIYYRA9619515330', '5227784941331', 'An enriching reading experience.', 3, '2023-10-05 04:41:50'),
    ('TPJKVX4767951247', '5808539288722', 'Perfect blend of mystery and suspense.', 5, '2023-07-08 07:27:57'),
    ('FOGLVK7835472296', '7841283032310', 'Touches on universal truths.', 3, '2024-01-30 09:40:34'),
    ('FJOQTB8909501297', '8763073019330', 'Challenges your perspective.', 5, '2023-07-23 16:43:16'),
    ('XWAPVV3930706477', '9207697121213', 'Brilliantly crafted.', 4, '2023-10-29 23:36:04'),
    ('XQYATI9735139485', '6003852876444', 'A tour de force of imagination.', 1, '2023-07-08 07:27:57'),
    ('XQYATI9735139485', '1651739711996', 'Beautifully written prose.', 5, '2023-09-27 07:00:55');

INSERT INTO Vendita(Cliente, Data)
VALUES
    ('QDRSAD0147962426', '2024-01-08 16:38:26'),
    ('FIYYRA9619515330', '2023-12-16 05:04:16'),
    ('HKYUYK0006787974', '2024-03-20 18:08:27'),
    ('ULOGAF8887534060', '2023-06-03 10:02:21'),
    ('PEKIYX0409921090', '2023-08-25 22:56:26'),
    ('VLROKI9670227300', '2023-11-22 05:33:25'),
    ('KRBUMC6972238452', '2024-04-13 18:50:45'),
    ('BZIHME1099385810', '2023-06-23 07:08:27'),
    ('NJOSHI9243354099', '2023-07-11 00:52:14'),
    ('ELURQK0948686229', '2023-11-02 23:00:03'),
    ('WWHPXK8122987654', '2023-07-18 19:43:09'),
    ('LXOFFN3057255452', '2023-08-12 09:17:27'),
    ('QDRSAD0147962426', '2023-11-04 18:30:24'),
    ('ELURQK0948686229', '2024-02-25 22:29:28'),
    ('TJFMHL9028834804', '2023-09-25 12:47:11'),
    ('ZKZVGA5003925448', '2024-03-27 17:29:16'),
    ('DMPJGN0946433319', '2023-09-24 18:46:43'),
    ('CCSSFI2566543120', '2023-07-05 10:52:27'),
    ('FMZBVL2186171140', '2024-01-08 02:23:25'),
    ('NHBBEY7936343738', '2023-08-03 03:06:58'),
    ('DJESXH3259221292', '2024-01-31 16:24:40'),
    ('TOCGQQ3800262961', '2024-02-17 03:44:12'),
    ('FJOQTB8909501297', '2024-04-28 19:58:48'),
    ('XWAPVV3930706477', '2023-07-09 01:04:03'),
    ('BVNTAJ1316513450', '2023-12-04 02:21:21'),
    ('GNBKQP2042383427', '2024-03-27 15:44:35'),
    ('PNBMEM5100334607', '2024-04-23 16:09:01'),
    ('DLGQPE8032635046', '2024-02-02 06:52:38'),
    ('TVCNOO0421787090', '2023-09-22 20:49:35'),
    ('TASPPM5831168102', '2023-05-21 21:29:26'),
    ('DQPWXA2519183424', '2023-07-14 17:16:12'),
    ('ICGLTA8283082328', '2023-06-18 09:51:37'),
    ('NCROOI2910185423', '2023-12-11 09:29:03'),
    ('XWAPVV3930706477', '2024-01-14 14:17:58'),
    ('LVLARE6664531769', '2023-06-08 00:33:25'),
    ('ADIROB9151248103', '2023-07-05 19:05:51'),
    ('VLROKI9670227300', '2024-03-14 18:28:00'),
    ('PNBMEM5100334607', '2024-05-06 09:28:49'),
    ('CQOKYM6017935790', '2024-01-27 20:21:38'),
    ('EVWUBB6502288859', '2023-05-23 10:22:02'),
    ('VEYFPR5428021930', '2023-08-27 22:49:03'),
    ('NLPNMU1824897616', '2023-09-17 11:49:37'),
    ('ELURQK0948686229', '2023-05-31 23:43:04'),
    ('LTQKFH6294310694', '2023-05-30 12:43:33'),
    ('MWKVBI1364400660', '2023-06-06 23:35:23'),
    ('GHWHVG3008498779', '2023-06-26 05:28:02'),
    ('JZNPPX8632426802', '2024-04-16 19:38:30'),
    ('BAWBPC0834017414', '2023-05-30 22:09:01'),
    ('VEYFPR5428021930', '2023-09-13 12:12:19'),
    ('BDYRUG5915490857', '2023-10-07 07:59:22'),
    ('CZVBYW7951063814', '2024-01-30 17:12:45'),
    ('DLGQPE8032635046', '2023-06-06 15:28:06'),
    ('JAFKKJ2576724910', '2023-06-01 13:55:34'),
    ('DLHPLA9919037109', '2024-02-12 23:44:51'),
    ('NHPUWM0043341255', '2023-08-09 10:36:04'),
    ('EGVIMP6191484504', '2024-01-03 02:00:30'),
    ('FOGLVK7835472296', '2024-02-24 06:36:46'),
    ('NCROOI2910185423', '2023-07-08 17:32:08'),
    ('JGFZUC6741783125', '2024-01-27 18:45:33'),
    ('MXBZBV2926963990', '2023-07-16 07:33:01'),
    ('LVLARE6664531769', '2023-10-03 13:42:53'),
    ('EREXAM6327471653', '2023-05-23 02:23:06'),
    ('LXOFFN3057255452', '2023-12-07 13:32:33'),
    ('WCYDJI5426164824', '2023-09-01 07:05:06'),
    ('PNBMEM5100334607', '2023-11-10 05:37:57'),
    ('CQOKYM6017935790', '2024-03-29 13:02:51'),
    ('ADIROB9151248103', '2024-02-04 16:58:49'),
    ('ROHBKG6165637492', '2023-08-07 11:59:56'),
    ('BAWBPC0834017414', '2023-06-04 11:25:35'),
    ('SMAAVK4253899854', '2023-08-28 03:41:14'),
    ('VEYFPR5428021930', '2023-12-02 13:17:33'),
    ('LTQKFH6294310694', '2024-03-06 01:42:08'),
    ('RSXXEZ2572660446', '2024-04-28 20:21:27'),
    ('VPZRYR5745340687', '2024-03-06 11:26:00'),
    ('XJAXAD0454612840', '2023-12-28 06:33:26'),
    ('JZNPPX8632426802', '2023-06-11 12:58:07'),
    ('VLROKI9670227300', '2023-07-13 17:15:12'),
    ('FGGKZI2527287238', '2024-01-25 20:00:16'),
    ('QAQMPZ0597242222', '2023-05-27 16:42:33'),
    ('VLROKI9670227300', '2023-10-31 11:52:36'),
    ('CIAKJK1621776077', '2023-10-02 10:14:12'),
    ('EREXAM6327471653', '2024-01-06 15:26:43'),
    ('ULOGAF8887534060', '2023-12-17 04:12:46'),
    ('NPEKDS3776433285', '2024-02-17 09:14:19'),
    ('GNBKQP2042383427', '2024-02-25 01:22:12'),
    ('WIOOJC1353794577', '2024-05-19 06:03:55'),
    ('NNSBFM4944875657', '2023-10-17 08:57:14'),
    ('CTEYHZ2765626787', '2023-09-28 17:16:40'),
    ('DLGQPE8032635046', '2023-07-30 10:29:21'),
    ('VNREDZ6914912705', '2023-10-03 06:05:56'),
    ('HUOPCR6848227663', '2023-06-20 17:53:39'),
    ('INXCTR6415117164', '2023-12-25 12:09:20'),
    ('TASPPM5831168102', '2023-11-01 23:47:27'),
    ('LXOFFN3057255452', '2024-02-14 15:04:49'),
    ('GXFWOW4423456628', '2023-12-25 04:58:16'),
    ('INXCTR6415117164', '2023-08-31 11:07:37'),
    ('MXBZBV2926963990', '2024-03-06 01:41:47'),
    ('ICGRJB6711344889', '2023-10-31 19:56:37'),
    ('XWAPVV3930706477', '2023-11-11 10:15:17'),
    ('GXFWOW4423456628', '2023-10-14 16:28:33'),
    ('BZIHME1099385810', '2024-04-07 11:32:40'),
    ('WIOOJC1353794577', '2023-07-12 21:31:49'),
    ('JYODGB1569104423', '2023-12-06 05:49:09'),
    ('LNWRRQ6841768300', '2024-01-16 04:02:59'),
    ('INXCTR6415117164', '2024-03-03 20:40:30'),
    ('BZIHME1099385810', '2023-12-08 01:32:45'),
    ('FIYYRA9619515330', '2023-05-24 09:27:25'),
    ('DLHPLA9919037109', '2024-03-01 14:16:36'),
    ('VXJPLA7688813453', '2024-03-25 09:45:32'),
    ('XQYATI9735139485', '2024-01-31 22:00:23'),
    ('JZNPPX8632426802', '2023-07-14 04:07:17'),
    ('ADIROB9151248103', '2023-05-23 05:02:04'),
    ('VXJPLA7688813453', '2023-08-26 07:31:50'),
    ('KFFPMP8373118548', '2023-09-09 16:19:11'),
    ('EGVIMP6191484504', '2023-08-04 22:54:06'),
    ('OTWBEK7592336229', '2023-11-23 04:25:46'),
    ('DLGQPE8032635046', '2023-08-03 22:00:26'),
    ('SAYOLZ9547981866', '2024-04-15 04:37:50'),
    ('TPJKVX4767951247', '2023-09-24 22:02:44'),
    ('KRBUMC6972238452', '2023-07-19 00:33:52'),
    ('KRBUMC6972238452', '2023-11-25 21:46:24'),
    ('EVYUZL5185052905', '2023-12-02 14:07:46'),
    ('LNWRRQ6841768300', '2023-06-02 16:27:39'),
    ('WWHPXK8122987654', '2023-08-15 09:55:15'),
    ('HUOPCR6848227663', '2024-01-13 13:10:06'),
    ('PNBMEM5100334607', '2023-06-05 22:55:37'),
    ('ADIROB9151248103', '2024-02-09 14:01:23'),
    ('VLROKI9670227300', '2023-09-05 07:37:06'),
    ('XQYATI9735139485', '2023-06-22 03:20:25'),
    ('RMOMEZ8756582397', '2024-03-24 16:08:58'),
    ('NHPUWM0043341255', '2023-08-23 12:12:30'),
    ('EVWUBB6502288859', '2023-07-24 12:21:23'),
    ('ROHBKG6165637492', '2024-02-17 03:22:45'),
    ('SMAAVK4253899854', '2023-07-20 21:26:07'),
    ('GHWHVG3008498779', '2024-03-28 00:59:17'),
    ('WIFAXU3670994280', '2023-08-12 15:27:40'),
    ('TJFMHL9028834804', '2024-02-06 04:56:35'),
    ('INXCTR6415117164', '2024-01-26 09:46:35'),
    ('INXCTR6415117164', '2024-05-03 17:50:32'),
    ('ADIROB9151248103', '2023-09-30 13:44:27'),
    ('ZKZVGA5003925448', '2024-01-17 12:39:01'),
    ('JYODGB1569104423', '2023-06-22 16:35:26'),
    ('RWKGNR2258795426', '2024-03-16 03:15:05'),
    ('GXFWOW4423456628', '2023-07-04 04:09:15'),
    ('TOCGQQ3800262961', '2024-04-23 20:08:10'),
    ('BYIYVL8064772004', '2024-05-19 13:01:58'),
    ('YRJHES1153092366', '2024-01-14 05:03:13'),
    ('GXFWOW4423456628', '2023-08-25 23:14:42'),
    ('WCYDJI5426164824', '2023-06-10 05:25:58'),
    ('BVNTAJ1316513450', '2023-10-21 13:36:57'),
    ('HKYUYK0006787974', '2023-06-24 08:54:33'),
    ('LVLARE6664531769', '2024-03-08 10:45:12'),
    ('CTEYHZ2765626787', '2023-06-13 02:03:13'),
    ('FGGKZI2527287238', '2023-05-24 12:48:21'),
    ('LXOFFN3057255452', '2024-01-27 05:51:34'),
    ('ICGRJB6711344889', '2024-04-08 12:42:26'),
    ('TOCGQQ3800262961', '2024-03-26 05:21:17'),
    ('CIAKJK1621776077', '2024-01-21 20:59:30'),
    ('FIYYRA9619515330', '2023-12-05 06:35:16'),
    ('VEYFPR5428021930', '2023-12-17 19:32:43'),
    ('NCROOI2910185423', '2023-08-27 11:13:34'),
    ('UAFKDS5028423956', '2024-04-09 10:17:35'),
    ('TIJDBW4331540159', '2024-04-01 17:06:14'),
    ('XRYWMT8290905527', '2024-01-13 13:17:33'),
    ('CQOKYM6017935790', '2024-01-21 12:27:55'),
    ('WIFAXU3670994280', '2023-10-08 05:43:57'),
    ('BAWBPC0834017414', '2023-06-04 09:16:16'),
    ('MWKVBI1364400660', '2023-06-24 02:48:04'),
    ('FJOQTB8909501297', '2023-05-28 16:12:00'),
    ('FMLPKY5929326331', '2023-06-10 21:32:18'),
    ('DMPJGN0946433319', '2024-04-04 07:12:43'),
    ('FOGLVK7835472296', '2023-09-09 21:33:39'),
    ('TJFMHL9028834804', '2024-03-27 20:19:25'),
    ('NCROOI2910185423', '2023-07-24 16:54:43'),
    ('LXOFFN3057255452', '2024-04-28 23:48:25'),
    ('FMLPKY5929326331', '2024-04-01 23:27:01'),
    ('FUFRYC7420290261', '2023-09-29 02:58:54'),
    ('ELURQK0948686229', '2023-10-22 23:03:45'),
    ('VPZRYR5745340687', '2023-07-05 02:25:20'),
    ('QDRSAD0147962426', '2024-02-10 06:47:27'),
    ('VEYFPR5428021930', '2024-03-20 14:20:36'),
    ('ZJABEI6593516808', '2024-01-18 06:48:54'),
    ('MDFWNZ1097830313', '2024-03-25 21:24:08'),
    ('CQOKYM6017935790', '2023-09-20 06:05:56'),
    ('ZJABEI6593516808', '2023-10-10 01:18:42'),
    ('EVWUBB6502288859', '2024-03-18 11:10:53'),
    ('TJFMHL9028834804', '2024-04-19 03:01:33'),
    ('BVNTAJ1316513450', '2023-10-09 18:10:08'),
    ('TVCNOO0421787090', '2023-11-21 09:22:14'),
    ('KRINSD5171506701', '2023-08-12 15:47:25'),
    ('RSXXEZ2572660446', '2023-12-13 14:40:56'),
    ('NJOSHI9243354099', '2023-10-26 17:17:13'),
    ('KRINSD5171506701', '2023-10-07 09:41:36'),
    ('INXCTR6415117164', '2023-07-01 05:14:48'),
    ('MWKVBI1364400660', '2023-11-11 00:43:16'),
    ('WWHPXK8122987654', '2023-06-01 10:57:33'),
    ('NPEKDS3776433285', '2023-08-06 10:51:33'),
    ('CIAKJK1621776077', '2024-01-08 22:25:45'),
    ('LTQKFH6294310694', '2024-01-05 06:11:24'),
    ('AHMTTN1710228738', '2024-04-20 09:52:02'),
    ('MBHBQM2440077964', '2024-04-09 04:58:12'),
    ('BZIHME1099385810', '2023-12-14 20:54:26'),
    ('ICGLTA8283082328', '2024-05-07 13:00:37'),
    ('FIYYRA9619515330', '2024-02-12 14:31:07'),
    ('HUOPCR6848227663', '2023-08-04 21:08:07'),
    ('GNBKQP2042383427', '2023-10-09 17:20:16'),
    ('UAFKDS5028423956', '2023-12-12 23:56:44'),
    ('SMAAVK4253899854', '2024-02-27 18:13:14'),
    ('VLROKI9670227300', '2023-11-29 02:34:25'),
    ('VPZRYR5745340687', '2024-01-22 06:35:16'),
    ('BVNTAJ1316513450', '2024-05-08 20:41:50'),
    ('NHPUWM0043341255', '2023-06-30 09:18:10'),
    ('VNREDZ6914912705', '2023-11-13 04:18:46'),
    ('FMLPKY5929326331', '2023-08-22 10:13:51'),
    ('MBHBQM2440077964', '2023-09-20 09:58:53'),
    ('KASUGJ6040259126', '2023-08-03 19:45:52'),
    ('YRJHES1153092366', '2023-06-23 07:21:18'),
    ('ROHBKG6165637492', '2024-03-26 18:25:05'),
    ('ICGRJB6711344889', '2024-02-12 06:43:16'),
    ('EREXAM6327471653', '2024-01-26 06:56:05'),
    ('BDYRUG5915490857', '2023-10-22 15:05:43'),
    ('WWHPXK8122987654', '2023-08-10 02:13:06'),
    ('KASUGJ6040259126', '2024-02-25 22:53:49'),
    ('MXBZBV2926963990', '2024-01-14 17:12:53'),
    ('NLPNMU1824897616', '2024-03-13 03:44:10'),
    ('JZNPPX8632426802', '2023-07-21 05:19:42'),
    ('WWHPXK8122987654', '2023-06-30 07:27:33'),
    ('VXJPLA7688813453', '2024-01-29 20:36:28'),
    ('TIJDBW4331540159', '2024-01-27 14:53:31'),
    ('HUOPCR6848227663', '2024-03-23 18:08:57'),
    ('JZNPPX8632426802', '2023-07-27 06:56:38'),
    ('VLROKI9670227300', '2023-05-29 05:34:24'),
    ('YRJHES1153092366', '2023-10-02 00:05:26'),
    ('WIOOJC1353794577', '2023-08-17 18:20:05'),
    ('CZVBYW7951063814', '2024-01-03 23:51:04'),
    ('BDYRUG5915490857', '2023-06-24 06:13:50'),
    ('TVCNOO0421787090', '2023-12-12 02:48:52'),
    ('TASPPM5831168102', '2024-04-15 10:05:52'),
    ('INXCTR6415117164', '2023-06-26 16:31:55'),
    ('YRJHES1153092366', '2023-07-29 06:00:35'),
    ('NPEKDS3776433285', '2024-01-07 12:17:14'),
    ('TIJDBW4331540159', '2024-02-14 09:11:36'),
    ('ICGLTA8283082328', '2023-08-14 00:08:37'),
    ('JZNPPX8632426802', '2023-07-11 16:57:15'),
    ('EVWUBB6502288859', '2024-03-22 16:35:53'),
    ('NCROOI2910185423', '2024-03-08 09:41:45'),
    ('DQPWXA2519183424', '2024-05-15 23:23:47'),
    ('FJOQTB8909501297', '2024-04-03 09:01:45'),
    ('WYVUBN4704788198', '2023-08-10 08:03:39'),
    ('QDRSAD0147962426', '2023-10-30 07:25:13'),
    ('LVLARE6664531769', '2023-08-21 08:51:44'),
    ('WWHPXK8122987654', '2024-01-08 11:24:18'),
    ('MBHBQM2440077964', '2023-06-10 18:59:33'),
    ('NHBBEY7936343738', '2023-08-04 11:45:05'),
    ('CIAKJK1621776077', '2024-02-17 10:56:44'),
    ('NLPNMU1824897616', '2023-09-07 01:21:25'),
    ('JGFZUC6741783125', '2023-09-03 13:01:34'),
    ('CZVBYW7951063814', '2024-02-08 22:36:00'),
    ('KRINSD5171506701', '2023-09-02 23:22:43'),
    ('DMPJGN0946433319', '2024-02-27 03:32:44'),
    ('MWKVBI1364400660', '2024-03-31 18:37:15'),
    ('VXJPLA7688813453', '2023-05-23 02:16:20'),
    ('VNREDZ6914912705', '2024-05-07 02:03:02'),
    ('QDRSAD0147962426', '2023-12-18 13:09:49'),
    ('RWKGNR2258795426', '2024-02-25 08:53:59'),
    ('NHBBEY7936343738', '2023-05-21 05:38:46'),
    ('ZKZVGA5003925448', '2023-07-16 08:28:18'),
    ('LNWRRQ6841768300', '2024-03-28 23:10:10'),
    ('GXFWOW4423456628', '2023-12-26 04:15:16'),
    ('WIFAXU3670994280', '2023-06-01 19:52:05'),
    ('MBHBQM2440077964', '2024-01-19 10:39:57'),
    ('NHBBEY7936343738', '2024-01-05 03:15:46'),
    ('EVYUZL5185052905', '2024-05-07 20:15:28'),
    ('KRBUMC6972238452', '2024-03-30 14:22:51'),
    ('NCROOI2910185423', '2023-07-01 00:08:21'),
    ('CQOKYM6017935790', '2023-07-13 13:15:13'),
    ('GHWHVG3008498779', '2023-08-27 13:35:54'),
    ('SMAAVK4253899854', '2024-04-01 17:05:44'),
    ('LXOFFN3057255452', '2023-06-23 15:01:03'),
    ('FGGKZI2527287238', '2024-03-24 08:05:35'),
    ('YRJHES1153092366', '2023-08-20 10:29:06'),
    ('XJAXAD0454612840', '2024-05-19 04:40:42'),
    ('MDFWNZ1097830313', '2023-08-06 23:13:22'),
    ('SAYOLZ9547981866', '2023-10-18 04:38:50'),
    ('JYODGB1569104423', '2024-01-29 19:40:57'),
    ('NCROOI2910185423', '2023-10-30 22:53:29'),
    ('GNBKQP2042383427', '2023-10-03 05:06:14'),
    ('JYODGB1569104423', '2023-10-28 13:19:02'),
    ('KASUGJ6040259126', '2023-07-24 23:09:50'),
    ('ZJABEI6593516808', '2023-08-23 06:52:11'),
    ('YRJHES1153092366', '2024-04-07 22:32:45'),
    ('QDRSAD0147962426', '2023-12-03 08:10:06'),
    ('ELURQK0948686229', '2024-02-04 08:29:24'),
    ('MWKVBI1364400660', '2023-09-17 22:01:08'),
    ('WKCWUY1551429022', '2023-11-29 08:53:58'),
    ('ZKZTPP6285684717', '2023-12-04 22:21:28'),
    ('YRJHES1153092366', '2024-04-29 19:25:44'),
    ('GNBKQP2042383427', '2024-04-09 01:30:39'),
    ('JAFKKJ2576724910', '2023-12-15 11:56:48'),
    ('NHPUWM0043341255', '2023-06-29 11:11:35'),
    ('GXFWOW4423456628', '2023-08-25 02:05:26'),
    ('DLGQPE8032635046', '2023-09-27 12:16:00'),
    ('TOCGQQ3800262961', '2024-02-15 22:34:31'),
    ('LVLARE6664531769', '2024-01-15 10:27:20'),
    ('RWKGNR2258795426', '2023-07-15 14:07:11'),
    ('EGVIMP6191484504', '2023-09-29 12:23:39'),
    ('BAWBPC0834017414', '2023-11-15 13:58:19'),
    ('CIAKJK1621776077', '2023-09-14 22:53:54'),
    ('CQOKYM6017935790', '2024-02-23 00:05:18'),
    ('MBHBQM2440077964', '2023-11-06 06:56:27'),
    ('MWKVBI1364400660', '2023-10-26 05:03:33'),
    ('XJAXAD0454612840', '2023-12-26 12:01:08'),
    ('TOCGQQ3800262961', '2023-06-11 09:55:26'),
    ('ULOGAF8887534060', '2023-08-01 16:14:54'),
    ('HKYUYK0006787974', '2023-10-21 00:57:12'),
    ('NHBBEY7936343738', '2023-06-30 06:02:01'),
    ('VNREDZ6914912705', '2023-08-03 03:24:32'),
    ('BZIHME1099385810', '2023-08-05 10:50:34'),
    ('NNSBFM4944875657', '2023-07-31 11:03:35'),
    ('CTEYHZ2765626787', '2023-08-30 12:10:47'),
    ('DJESXH3259221292', '2023-07-03 16:44:06'),
    ('NHPUWM0043341255', '2024-02-06 22:00:47'),
    ('ZJABEI6593516808', '2024-04-25 03:57:16'),
    ('BYIYVL8064772004', '2024-04-23 13:57:50'),
    ('BAWBPC0834017414', '2023-07-14 17:46:13'),
    ('EREXAM6327471653', '2023-05-31 23:59:06'),
    ('CIAKJK1621776077', '2023-11-06 22:24:31'),
    ('CQOKYM6017935790', '2024-05-06 15:36:09'),
    ('FMZBVL2186171140', '2024-01-13 09:38:11'),
    ('TJFMHL9028834804', '2024-01-12 09:42:22'),
    ('JZNPPX8632426802', '2023-06-24 04:51:12'),
    ('XWAPVV3930706477', '2023-10-28 07:14:38'),
    ('KRINSD5171506701', '2023-08-12 17:08:26'),
    ('GHWHVG3008498779', '2024-03-13 11:49:39'),
    ('MXBZBV2926963990', '2024-02-12 23:00:23'),
    ('JYODGB1569104423', '2024-02-03 09:43:26'),
    ('DJESXH3259221292', '2024-04-01 19:01:08'),
    ('VEYFPR5428021930', '2023-08-13 13:34:46'),
    ('ICGLTA8283082328', '2023-09-28 08:56:07'),
    ('WKCWUY1551429022', '2024-04-19 14:15:06'),
    ('WIFAXU3670994280', '2023-08-09 09:32:34'),
    ('JAFKKJ2576724910', '2023-06-03 23:37:14'),
    ('ADIROB9151248103', '2023-06-26 14:41:27'),
    ('OTWBEK7592336229', '2023-11-13 12:00:20'),
    ('MDFWNZ1097830313', '2024-01-15 20:21:14'),
    ('WIOOJC1353794577', '2023-06-28 16:03:46'),
    ('ICGLTA8283082328', '2024-03-15 06:23:28'),
    ('ZKZVGA5003925448', '2024-01-01 16:27:58'),
    ('NPEKDS3776433285', '2024-02-13 12:53:48'),
    ('NNSBFM4944875657', '2023-12-11 22:24:20'),
    ('KRBUMC6972238452', '2023-10-07 11:59:55'),
    ('XJAXAD0454612840', '2023-05-25 04:43:16'),
    ('JAFKKJ2576724910', '2023-05-27 18:25:32'),
    ('XRYWMT8290905527', '2023-08-24 08:43:50'),
    ('VNREDZ6914912705', '2024-05-09 19:29:54'),
    ('QAQMPZ0597242222', '2023-07-25 19:18:23'),
    ('FUFRYC7420290261', '2024-04-18 18:52:00'),
    ('NLPNMU1824897616', '2023-08-05 01:06:29'),
    ('ADIROB9151248103', '2023-11-30 13:37:39'),
    ('NPEKDS3776433285', '2023-09-16 20:00:37'),
    ('CQOKYM6017935790', '2024-03-09 07:24:37'),
    ('MWKVBI1364400660', '2024-05-17 04:09:12'),
    ('HKYUYK0006787974', '2023-07-14 08:34:15'),
    ('JAFKKJ2576724910', '2023-11-01 04:32:59'),
    ('AHMTTN1710228738', '2023-09-10 22:45:28'),
    ('SAYOLZ9547981866', '2023-12-11 21:47:47'),
    ('CIAKJK1621776077', '2023-10-09 08:59:03'),
    ('OTWBEK7592336229', '2024-01-09 21:01:03'),
    ('UAFKDS5028423956', '2024-03-15 05:00:34'),
    ('BDYRUG5915490857', '2023-11-26 22:03:37'),
    ('CZVBYW7951063814', '2024-04-04 02:58:31'),
    ('MDFWNZ1097830313', '2023-12-31 03:26:59'),
    ('NJOSHI9243354099', '2024-02-26 11:49:46'),
    ('NCROOI2910185423', '2024-03-16 10:09:32'),
    ('EVYUZL5185052905', '2024-01-18 00:40:05'),
    ('PEKIYX0409921090', '2024-04-06 16:47:08'),
    ('EREXAM6327471653', '2023-10-07 09:47:16'),
    ('KASUGJ6040259126', '2023-05-30 14:35:26'),
    ('MXBZBV2926963990', '2023-09-13 08:36:28'),
    ('MDFWNZ1097830313', '2024-02-20 17:58:10'),
    ('TOCGQQ3800262961', '2023-12-04 07:15:08'),
    ('CIAKJK1621776077', '2024-01-27 01:37:36'),
    ('CQOKYM6017935790', '2024-05-08 13:56:24'),
    ('UAFKDS5028423956', '2023-07-13 01:29:58'),
    ('LICUYS7804960098', '2023-12-22 15:28:51'),
    ('BDYRUG5915490857', '2024-01-28 00:05:17'),
    ('FUFRYC7420290261', '2023-09-27 08:57:55'),
    ('FOGLVK7835472296', '2023-08-03 21:38:34'),
    ('RMOMEZ8756582397', '2024-01-14 06:00:55'),
    ('RSRYMF5579904757', '2023-07-24 05:52:19'),
    ('INXCTR6415117164', '2024-03-24 12:29:41'),
    ('BVNTAJ1316513450', '2023-09-15 21:01:50'),
    ('ICGLTA8283082328', '2023-09-03 04:39:17'),
    ('KFFPMP8373118548', '2023-07-11 06:50:03'),
    ('BVNTAJ1316513450', '2024-04-15 23:48:47'),
    ('NCROOI2910185423', '2023-08-03 22:36:53'),
    ('WYVUBN4704788198', '2023-10-22 17:28:33'),
    ('NPEKDS3776433285', '2023-11-25 15:31:14'),
    ('LVLARE6664531769', '2023-11-30 09:16:38'),
    ('JZNPPX8632426802', '2024-03-01 20:35:48'),
    ('ZJABEI6593516808', '2023-07-31 07:07:41'),
    ('HUOPCR6848227663', '2023-12-10 23:41:42'),
    ('GNBKQP2042383427', '2023-10-21 22:51:46'),
    ('WWHPXK8122987654', '2024-05-17 09:02:46'),
    ('XWAPVV3930706477', '2023-07-25 03:18:14'),
    ('XWAPVV3930706477', '2023-10-29 08:13:20'),
    ('UAFKDS5028423956', '2023-09-21 00:00:53'),
    ('VNREDZ6914912705', '2023-11-17 03:36:12'),
    ('SAYOLZ9547981866', '2023-11-30 07:18:58'),
    ('TASPPM5831168102', '2023-05-31 09:19:23'),
    ('AHMTTN1710228738', '2023-05-23 02:56:55'),
    ('DLHPLA9919037109', '2023-10-06 18:34:11'),
    ('RSXXEZ2572660446', '2023-10-20 17:00:33'),
    ('BZIHME1099385810', '2024-04-21 12:14:03'),
    ('FUFRYC7420290261', '2023-08-12 20:51:46'),
    ('WIOOJC1353794577', '2023-08-17 10:06:13'),
    ('SAYOLZ9547981866', '2023-09-26 15:36:41'),
    ('WKCWUY1551429022', '2023-07-09 19:26:53'),
    ('LXOFFN3057255452', '2023-07-22 18:18:44'),
    ('HKYUYK0006787974', '2023-07-19 02:31:34'),
    ('FIYYRA9619515330', '2023-09-03 02:14:49'),
    ('VNREDZ6914912705', '2023-07-10 08:55:50'),
    ('VXJPLA7688813453', '2024-01-26 12:00:42'),
    ('JZNPPX8632426802', '2023-09-20 08:32:44'),
    ('FUFRYC7420290261', '2024-03-01 18:50:27'),
    ('XWAPVV3930706477', '2024-02-06 15:16:59'),
    ('GXFWOW4423456628', '2023-09-03 17:28:17'),
    ('GXFWOW4423456628', '2024-04-18 15:34:06'),
    ('TVCNOO0421787090', '2023-11-15 00:36:05'),
    ('GHWHVG3008498779', '2023-11-19 09:10:36'),
    ('AHMTTN1710228738', '2024-02-09 12:38:15'),
    ('GHWHVG3008498779', '2023-10-10 14:23:19'),
    ('XWAPVV3930706477', '2023-07-12 16:10:43'),
    ('TJFMHL9028834804', '2023-12-16 16:46:59'),
    ('VEYFPR5428021930', '2024-03-27 00:29:16'),
    ('VPZRYR5745340687', '2024-02-06 13:06:53'),
    ('CCSSFI2566543120', '2024-03-31 16:14:02'),
    ('LVLARE6664531769', '2023-12-30 19:12:04'),
    ('MDFWNZ1097830313', '2024-03-03 11:55:08'),
    ('FIYYRA9619515330', '2023-11-25 19:15:10'),
    ('MDFWNZ1097830313', '2024-03-05 10:37:06'),
    ('FMLPKY5929326331', '2023-06-22 17:51:48'),
    ('NJOSHI9243354099', '2023-12-05 15:18:08'),
    ('AHMTTN1710228738', '2023-08-31 16:29:46'),
    ('KRINSD5171506701', '2023-10-11 16:42:54'),
    ('EGVIMP6191484504', '2024-01-05 02:50:33'),
    ('NHBBEY7936343738', '2024-05-16 18:23:43'),
    ('TPJKVX4767951247', '2023-10-05 23:35:44'),
    ('BAWBPC0834017414', '2024-04-08 01:39:03'),
    ('QDRSAD0147962426', '2023-10-29 07:35:59'),
    ('NHPUWM0043341255', '2023-08-05 03:54:19'),
    ('NCROOI2910185423', '2023-08-12 04:50:16'),
    ('XJAXAD0454612840', '2023-06-28 00:23:03'),
    ('VPZRYR5745340687', '2024-02-22 04:42:50'),
    ('WWHPXK8122987654', '2024-03-29 15:52:32'),
    ('FGGKZI2527287238', '2024-05-14 03:41:06'),
    ('RSRYMF5579904757', '2024-02-14 07:55:47'),
    ('KRBUMC6972238452', '2023-12-22 14:50:42'),
    ('NCROOI2910185423', '2023-10-13 23:13:09'),
    ('ADIROB9151248103', '2023-08-13 18:45:39'),
    ('NCROOI2910185423', '2024-03-21 19:15:48'),
    ('LICUYS7804960098', '2023-06-23 07:01:29'),
    ('DMPJGN0946433319', '2024-04-23 11:55:21'),
    ('INXCTR6415117164', '2023-08-27 03:45:10'),
    ('MXBZBV2926963990', '2023-06-16 19:29:46'),
    ('NPEKDS3776433285', '2024-01-21 04:45:12'),
    ('NNSBFM4944875657', '2023-07-29 09:47:09'),
    ('ZJABEI6593516808', '2023-06-26 18:43:16'),
    ('NPEKDS3776433285', '2023-10-23 08:35:45'),
    ('WIFAXU3670994280', '2023-07-05 11:48:30'),
    ('NPEKDS3776433285', '2023-08-19 13:58:19'),
    ('TVCNOO0421787090', '2023-10-15 10:52:40'),
    ('WKCWUY1551429022', '2023-08-22 20:06:47'),
    ('BAWBPC0834017414', '2023-10-20 06:21:52'),
    ('VPZRYR5745340687', '2024-01-18 00:40:43'),
    ('WYVUBN4704788198', '2023-07-06 11:17:16'),
    ('XQYATI9735139485', '2023-05-23 15:45:23'),
    ('CQOKYM6017935790', '2024-02-29 17:25:59'),
    ('ZKZVGA5003925448', '2023-11-24 19:06:08'),
    ('XRYWMT8290905527', '2023-12-21 04:48:22'),
    ('UAFKDS5028423956', '2024-01-05 02:58:00'),
    ('HUOPCR6848227663', '2024-01-01 22:31:19'),
    ('UAFKDS5028423956', '2023-07-20 01:11:08'),
    ('XWAPVV3930706477', '2024-04-09 00:25:09'),
    ('EGVIMP6191484504', '2023-11-04 16:20:53'),
    ('LTQKFH6294310694', '2023-06-14 06:19:13'),
    ('INXCTR6415117164', '2023-10-13 18:00:46'),
    ('LVLARE6664531769', '2024-04-01 12:23:27'),
    ('NHPUWM0043341255', '2023-06-17 06:24:20'),
    ('WKCWUY1551429022', '2023-09-21 06:14:20'),
    ('EVYUZL5185052905', '2023-06-11 22:14:06'),
    ('KASUGJ6040259126', '2023-10-19 09:52:45'),
    ('ROHBKG6165637492', '2024-04-28 05:31:47'),
    ('CIAKJK1621776077', '2024-03-02 15:23:22'),
    ('KRINSD5171506701', '2024-02-29 08:48:33'),
    ('ZKZVGA5003925448', '2023-10-11 04:46:59'),
    ('SAYOLZ9547981866', '2023-12-02 16:04:13'),
    ('KASUGJ6040259126', '2024-04-20 01:34:16'),
    ('WKCWUY1551429022', '2024-03-03 08:06:10'),
    ('VEYFPR5428021930', '2024-04-25 16:53:44'),
    /* VENDITE DEI CLIENTI SENZA TESSERA */
    ('KJHDQL7376923060', '2024-01-08 16:38:26'),
    ('BUMLEC6038353309', '2023-12-16 05:04:16'),
    ('MCLWEX9523097611', '2024-03-20 18:08:27'),
    ('HETHJG4169547377', '2023-06-03 10:02:21'),
    ('GNSQFL1662719697', '2023-08-25 22:56:26'),
    ('KCRLDX7197669507', '2023-11-22 05:33:25'),
    ('FHAHAA6142564441', '2024-04-13 18:50:45'),
    ('RGCVZD3466121019', '2023-06-23 07:08:27'),
    ('TLVRWY9082315482', '2023-07-11 00:52:14'),
    ('ARGBPT3057165665', '2023-11-02 23:00:03'),
    ('DEJCWT2103349499', '2023-07-18 19:43:09'),
    ('NSSZDP5895330165', '2023-08-12 09:17:27'),
    ('DTOOHU9088237466', '2023-11-04 18:30:24'),
    ('EINLZD0009804283', '2024-02-25 22:29:28'),
    ('EUEBST6512858790', '2023-09-25 12:47:11'),
    ('OFAYCR9923749420', '2024-03-27 17:29:16'),
    ('FSCXOW3681007761', '2023-09-24 18:46:43'),
    ('ITHWEO8515576476', '2023-07-05 10:52:27'),
    ('VNRENP8464793870', '2024-01-08 02:23:25'),
    ('VSPMJD1308786036', '2023-08-03 03:06:58'),
    ('JZDBHC7196550933', '2024-01-31 16:24:40'),
    ('MPJOQG0772535329', '2024-02-17 03:44:12'),
    ('ZLTYKL3028498339', '2024-04-28 19:58:48'),
    ('WSTEVP8219927317', '2023-07-09 01:04:03'),
    ('HEPTTN3999783948', '2023-12-04 02:21:21'),
    ('LJGUWI3758601346', '2024-03-27 15:44:35'),
    ('VOMWED8634206669', '2024-04-23 16:09:01'),
    ('FNNPQL4737140071', '2024-02-02 06:52:38'),
    ('FIORVO7868190275', '2023-09-22 20:49:35'),
    ('SAHFWB4309678132', '2023-05-21 21:29:26');

INSERT INTO Scontrino(Cliente, Data, Prodotto, Quantita)
VALUES
    ('QDRSAD0147962426', '2024-01-08 16:38:26', '6780110152517', 2),
    ('QDRSAD0147962426', '2024-01-08 16:38:26', '1893551912626', 2),
    ('QDRSAD0147962426', '2024-01-08 16:38:26', '9455213301062', 2),
    ('FIYYRA9619515330', '2023-12-16 05:04:16', '3485466895206', 2),
    ('FIYYRA9619515330', '2023-12-16 05:04:16', '3404367435428', 2),
    ('FIYYRA9619515330', '2023-12-16 05:04:16', '9345848241133', 2),
    ('FIYYRA9619515330', '2023-12-16 05:04:16', '2166894540139', 2),
    ('HKYUYK0006787974', '2024-03-20 18:08:27', '7253871107463', 2),
    ('HKYUYK0006787974', '2024-03-20 18:08:27', '2055988534622', 2),
    ('HKYUYK0006787974', '2024-03-20 18:08:27', '2561800180158', 1),
    ('HKYUYK0006787974', '2024-03-20 18:08:27', '5644214372477', 2),
    ('ULOGAF8887534060', '2023-06-03 10:02:21', '7877928790586', 1),
    ('ULOGAF8887534060', '2023-06-03 10:02:21', '7789670443852', 1),
    ('PEKIYX0409921090', '2023-08-25 22:56:26', '9532297840489', 2),
    ('PEKIYX0409921090', '2023-08-25 22:56:26', '7097234041584', 2),
    ('PEKIYX0409921090', '2023-08-25 22:56:26', '8503144246922', 1),
    ('PEKIYX0409921090', '2023-08-25 22:56:26', '1928494585426', 1),
    ('VLROKI9670227300', '2023-11-22 05:33:25', '3261018276327', 2),
    ('KRBUMC6972238452', '2024-04-13 18:50:45', '6494946166387', 1),
    ('KRBUMC6972238452', '2024-04-13 18:50:45', '3681023244641', 1),
    ('KRBUMC6972238452', '2024-04-13 18:50:45', '9546429322617', 2),
    ('BZIHME1099385810', '2023-06-23 07:08:27', '4470403175866', 2),
    ('BZIHME1099385810', '2023-06-23 07:08:27', '3039584313615', 2),
    ('BZIHME1099385810', '2023-06-23 07:08:27', '1400639252763', 2),
    ('NJOSHI9243354099', '2023-07-11 00:52:14', '7789670443852', 1),
    ('NJOSHI9243354099', '2023-07-11 00:52:14', '5612152018533', 1),
    ('NJOSHI9243354099', '2023-07-11 00:52:14', '5929938684707', 1),
    ('NJOSHI9243354099', '2023-07-11 00:52:14', '2684621460027', 1),
    ('ELURQK0948686229', '2023-11-02 23:00:03', '2226901444059', 1),
    ('ELURQK0948686229', '2023-11-02 23:00:03', '4010588138980', 1),
    ('ELURQK0948686229', '2023-11-02 23:00:03', '4511526153831', 2),
    ('WWHPXK8122987654', '2023-07-18 19:43:09', '5808539288722', 1),
    ('WWHPXK8122987654', '2023-07-18 19:43:09', '4786170273507', 2),
    ('WWHPXK8122987654', '2023-07-18 19:43:09', '4359209147825', 1),
    ('WWHPXK8122987654', '2023-07-18 19:43:09', '7864691624448', 1),
    ('LXOFFN3057255452', '2023-08-12 09:17:27', '1956739934662', 2),
    ('LXOFFN3057255452', '2023-08-12 09:17:27', '6250780510198', 2),
    ('QDRSAD0147962426', '2023-11-04 18:30:24', '1716346286109', 2),
    ('QDRSAD0147962426', '2023-11-04 18:30:24', '3940494668414', 2),
    ('QDRSAD0147962426', '2023-11-04 18:30:24', '8208728468273', 2),
    ('ELURQK0948686229', '2024-02-25 22:29:28', '5963778025632', 1),
    ('ELURQK0948686229', '2024-02-25 22:29:28', '6771042852861', 2),
    ('ELURQK0948686229', '2024-02-25 22:29:28', '8090515292511', 1),
    ('ELURQK0948686229', '2024-02-25 22:29:28', '2341324897735', 1),
    ('TJFMHL9028834804', '2023-09-25 12:47:11', '9204422519864', 2),
    ('ZKZVGA5003925448', '2024-03-27 17:29:16', '9908139973166', 2),
    ('DMPJGN0946433319', '2023-09-24 18:46:43', '9057161289300', 1),
    ('DMPJGN0946433319', '2023-09-24 18:46:43', '3111756746203', 1),
    ('DMPJGN0946433319', '2023-09-24 18:46:43', '8881572717309', 2),
    ('DMPJGN0946433319', '2023-09-24 18:46:43', '6780110152517', 2),
    ('CCSSFI2566543120', '2023-07-05 10:52:27', '6302476968182', 1),
    ('CCSSFI2566543120', '2023-07-05 10:52:27', '4917186265037', 1),
    ('CCSSFI2566543120', '2023-07-05 10:52:27', '2118753817695', 1),
    ('CCSSFI2566543120', '2023-07-05 10:52:27', '7741646742605', 1),
    ('FMZBVL2186171140', '2024-01-08 02:23:25', '8600694134836', 1),
    ('FMZBVL2186171140', '2024-01-08 02:23:25', '1303950038367', 2),
    ('FMZBVL2186171140', '2024-01-08 02:23:25', '6746509961055', 2),
    ('NHBBEY7936343738', '2023-08-03 03:06:58', '6847041149340', 2),
    ('NHBBEY7936343738', '2023-08-03 03:06:58', '4953728937603', 1),
    ('NHBBEY7936343738', '2023-08-03 03:06:58', '5874569816388', 1),
    ('NHBBEY7936343738', '2023-08-03 03:06:58', '5819972321768', 1),
    ('DJESXH3259221292', '2024-01-31 16:24:40', '3682886040228', 2),
    ('DJESXH3259221292', '2024-01-31 16:24:40', '6718253683624', 2),
    ('TOCGQQ3800262961', '2024-02-17 03:44:12', '9262577252166', 2),
    ('TOCGQQ3800262961', '2024-02-17 03:44:12', '2908717757667', 2),
    ('FJOQTB8909501297', '2024-04-28 19:58:48', '6144355670466', 1),
    ('FJOQTB8909501297', '2024-04-28 19:58:48', '4303357093947', 1),
    ('FJOQTB8909501297', '2024-04-28 19:58:48', '5602067061560', 2),
    ('XWAPVV3930706477', '2023-07-09 01:04:03', '9404747719126', 1),
    ('XWAPVV3930706477', '2023-07-09 01:04:03', '5200796179013', 2),
    ('XWAPVV3930706477', '2023-07-09 01:04:03', '5112253043671', 1),
    ('XWAPVV3930706477', '2023-07-09 01:04:03', '9532297840489', 1),
    ('BVNTAJ1316513450', '2023-12-04 02:21:21', '7998499769175', 1),
    ('BVNTAJ1316513450', '2023-12-04 02:21:21', '7597910765757', 1),
    ('BVNTAJ1316513450', '2023-12-04 02:21:21', '3234316199031', 1),
    ('GNBKQP2042383427', '2024-03-27 15:44:35', '3315228074591', 1),
    ('GNBKQP2042383427', '2024-03-27 15:44:35', '6454626807548', 2),
    ('PNBMEM5100334607', '2024-04-23 16:09:01', '4000104952544', 1),
    ('PNBMEM5100334607', '2024-04-23 16:09:01', '4511526153831', 2),
    ('DLGQPE8032635046', '2024-02-02 06:52:38', '8090515292511', 2),
    ('DLGQPE8032635046', '2024-02-02 06:52:38', '8683451838375', 1),
    ('DLGQPE8032635046', '2024-02-02 06:52:38', '9411619899886', 2),
    ('DLGQPE8032635046', '2024-02-02 06:52:38', '2383946587394', 1),
    ('TVCNOO0421787090', '2023-09-22 20:49:35', '9667938866103', 2),
    ('TASPPM5831168102', '2023-05-21 21:29:26', '5557278791203', 2),
    ('DQPWXA2519183424', '2023-07-14 17:16:12', '4060574885574', 2),
    ('DQPWXA2519183424', '2023-07-14 17:16:12', '4877191102008', 2),
    ('DQPWXA2519183424', '2023-07-14 17:16:12', '8123494514847', 1),
    ('ICGLTA8283082328', '2023-06-18 09:51:37', '4233596323838', 1),
    ('NCROOI2910185423', '2023-12-11 09:29:03', '2774582361206', 1),
    ('XWAPVV3930706477', '2024-01-14 14:17:58', '5874569816388', 2),
    ('XWAPVV3930706477', '2024-01-14 14:17:58', '4105457156630', 1),
    ('XWAPVV3930706477', '2024-01-14 14:17:58', '2055988534622', 1),
    ('XWAPVV3930706477', '2024-01-14 14:17:58', '5251229022129', 1),
    ('LVLARE6664531769', '2023-06-08 00:33:25', '4267846908030', 2),
    ('LVLARE6664531769', '2023-06-08 00:33:25', '6495939296866', 2),
    ('LVLARE6664531769', '2023-06-08 00:33:25', '5081857928100', 1),
    ('LVLARE6664531769', '2023-06-08 00:33:25', '2768733250807', 1),
    ('ADIROB9151248103', '2023-07-05 19:05:51', '4060574885574', 1),
    ('ADIROB9151248103', '2023-07-05 19:05:51', '5151707821730', 2),
    ('ADIROB9151248103', '2023-07-05 19:05:51', '6868600006922', 1),
    ('ADIROB9151248103', '2023-07-05 19:05:51', '5728435617798', 2),
    ('VLROKI9670227300', '2024-03-14 18:28:00', '4303357093947', 1),
    ('VLROKI9670227300', '2024-03-14 18:28:00', '8825441095650', 1),
    ('VLROKI9670227300', '2024-03-14 18:28:00', '6883386959584', 1),
    ('VLROKI9670227300', '2024-03-14 18:28:00', '6186682202989', 1),
    ('PNBMEM5100334607', '2024-05-06 09:28:49', '2468019126021', 1),
    ('PNBMEM5100334607', '2024-05-06 09:28:49', '2684621460027', 2),
    ('PNBMEM5100334607', '2024-05-06 09:28:49', '6494946166387', 1),
    ('CQOKYM6017935790', '2024-01-27 20:21:38', '1424872448379', 1),
    ('CQOKYM6017935790', '2024-01-27 20:21:38', '3670188988194', 1),
    ('EVWUBB6502288859', '2023-05-23 10:22:02', '5363279064844', 2),
    ('VEYFPR5428021930', '2023-08-27 22:49:03', '7348295966139', 1),
    ('NLPNMU1824897616', '2023-09-17 11:49:37', '4597008590365', 1),
    ('NLPNMU1824897616', '2023-09-17 11:49:37', '1928494585426', 2),
    ('NLPNMU1824897616', '2023-09-17 11:49:37', '9697857867615', 1),
    ('ELURQK0948686229', '2023-05-31 23:43:04', '3682886040228', 1),
    ('ELURQK0948686229', '2023-05-31 23:43:04', '4254138481142', 1),
    ('LTQKFH6294310694', '2023-05-30 12:43:33', '8994385544411', 1),
    ('LTQKFH6294310694', '2023-05-30 12:43:33', '6746546190865', 1),
    ('LTQKFH6294310694', '2023-05-30 12:43:33', '4833387178110', 2),
    ('MWKVBI1364400660', '2023-06-06 23:35:23', '6045789053623', 2),
    ('MWKVBI1364400660', '2023-06-06 23:35:23', '6883386959584', 1),
    ('MWKVBI1364400660', '2023-06-06 23:35:23', '5243053874965', 2),
    ('GHWHVG3008498779', '2023-06-26 05:28:02', '2216709567102', 2),
    ('GHWHVG3008498779', '2023-06-26 05:28:02', '5569054219947', 2),
    ('GHWHVG3008498779', '2023-06-26 05:28:02', '3274943162484', 2),
    ('JZNPPX8632426802', '2024-04-16 19:38:30', '3839211189161', 2),
    ('JZNPPX8632426802', '2024-04-16 19:38:30', '2309803165745', 2),
    ('JZNPPX8632426802', '2024-04-16 19:38:30', '5227784941331', 1),
    ('JZNPPX8632426802', '2024-04-16 19:38:30', '2099192180584', 2),
    ('BAWBPC0834017414', '2023-05-30 22:09:01', '6250780510198', 1),
    ('BAWBPC0834017414', '2023-05-30 22:09:01', '9761932674385', 1),
    ('VEYFPR5428021930', '2023-09-13 12:12:19', '5098946335026', 1),
    ('VEYFPR5428021930', '2023-09-13 12:12:19', '5218503570139', 1),
    ('VEYFPR5428021930', '2023-09-13 12:12:19', '2736329751620', 1),
    ('BDYRUG5915490857', '2023-10-07 07:59:22', '3548650501257', 1),
    ('BDYRUG5915490857', '2023-10-07 07:59:22', '1963759630170', 1),
    ('BDYRUG5915490857', '2023-10-07 07:59:22', '5874569816388', 2),
    ('CZVBYW7951063814', '2024-01-30 17:12:45', '7208725947681', 1),
    ('CZVBYW7951063814', '2024-01-30 17:12:45', '3839211189161', 1),
    ('DLGQPE8032635046', '2023-06-06 15:28:06', '4771728851632', 2),
    ('DLGQPE8032635046', '2023-06-06 15:28:06', '4268157780373', 2),
    ('DLGQPE8032635046', '2023-06-06 15:28:06', '8268055316591', 2),
    ('JAFKKJ2576724910', '2023-06-01 13:55:34', '1880246849920', 1),
    ('JAFKKJ2576724910', '2023-06-01 13:55:34', '6746509961055', 2),
    ('JAFKKJ2576724910', '2023-06-01 13:55:34', '4254138481142', 2),
    ('JAFKKJ2576724910', '2023-06-01 13:55:34', '2561800180158', 1),
    ('DLHPLA9919037109', '2024-02-12 23:44:51', '5323367025716', 1),
    ('DLHPLA9919037109', '2024-02-12 23:44:51', '2616934277643', 1),
    ('DLHPLA9919037109', '2024-02-12 23:44:51', '3940724084086', 1),
    ('DLHPLA9919037109', '2024-02-12 23:44:51', '3143291611307', 1),
    ('NHPUWM0043341255', '2023-08-09 10:36:04', '9558822413560', 1),
    ('EGVIMP6191484504', '2024-01-03 02:00:30', '3032610207274', 2),
    ('FOGLVK7835472296', '2024-02-24 06:36:46', '7157474787698', 2),
    ('FOGLVK7835472296', '2024-02-24 06:36:46', '7203937601689', 2),
    ('NCROOI2910185423', '2023-07-08 17:32:08', '7155852436571', 2),
    ('NCROOI2910185423', '2023-07-08 17:32:08', '7214625584899', 1),
    ('JGFZUC6741783125', '2024-01-27 18:45:33', '6495530044775', 2),
    ('JGFZUC6741783125', '2024-01-27 18:45:33', '8207991801028', 1),
    ('JGFZUC6741783125', '2024-01-27 18:45:33', '7694797225086', 1),
    ('MXBZBV2926963990', '2023-07-16 07:33:01', '6302476968182', 2),
    ('MXBZBV2926963990', '2023-07-16 07:33:01', '2804030853161', 1),
    ('LVLARE6664531769', '2023-10-03 13:42:53', '8086780897833', 1),
    ('EREXAM6327471653', '2023-05-23 02:23:06', '7208725947681', 2),
    ('LXOFFN3057255452', '2023-12-07 13:32:33', '9697857867615', 2),
    ('WCYDJI5426164824', '2023-09-01 07:05:06', '7057862751747', 1),
    ('WCYDJI5426164824', '2023-09-01 07:05:06', '6683288999892', 1),
    ('WCYDJI5426164824', '2023-09-01 07:05:06', '4502218644633', 1),
    ('PNBMEM5100334607', '2023-11-10 05:37:57', '9999937113097', 1),
    ('CQOKYM6017935790', '2024-03-29 13:02:51', '1071066275320', 1),
    ('CQOKYM6017935790', '2024-03-29 13:02:51', '8996080659924', 2),
    ('CQOKYM6017935790', '2024-03-29 13:02:51', '1254692904621', 2),
    ('ADIROB9151248103', '2024-02-04 16:58:49', '5142916687823', 1),
    ('ROHBKG6165637492', '2023-08-07 11:59:56', '9580012940034', 2),
    ('BAWBPC0834017414', '2023-06-04 11:25:35', '4953728937603', 2),
    ('BAWBPC0834017414', '2023-06-04 11:25:35', '7267634080638', 1),
    ('BAWBPC0834017414', '2023-06-04 11:25:35', '3032610207274', 1),
    ('SMAAVK4253899854', '2023-08-28 03:41:14', '3392247977146', 2),
    ('SMAAVK4253899854', '2023-08-28 03:41:14', '8266571161642', 1),
    ('VEYFPR5428021930', '2023-12-02 13:17:33', '1016152932678', 1),
    ('VEYFPR5428021930', '2023-12-02 13:17:33', '2493073896888', 1),
    ('VEYFPR5428021930', '2023-12-02 13:17:33', '4348833305271', 2),
    ('LTQKFH6294310694', '2024-03-06 01:42:08', '6056810143028', 1),
    ('RSXXEZ2572660446', '2024-04-28 20:21:27', '6454626807548', 2),
    ('RSXXEZ2572660446', '2024-04-28 20:21:27', '6924235960519', 1),
    ('VPZRYR5745340687', '2024-03-06 11:26:00', '1079661088798', 2),
    ('VPZRYR5745340687', '2024-03-06 11:26:00', '8689107797956', 2),
    ('XJAXAD0454612840', '2023-12-28 06:33:26', '7865442455373', 2),
    ('XJAXAD0454612840', '2023-12-28 06:33:26', '3096744078628', 2),
    ('XJAXAD0454612840', '2023-12-28 06:33:26', '3870526544078', 1),
    ('XJAXAD0454612840', '2023-12-28 06:33:26', '1075929297291', 2),
    ('JZNPPX8632426802', '2023-06-11 12:58:07', '6780110152517', 1),
    ('VLROKI9670227300', '2023-07-13 17:15:12', '2473389603325', 1),
    ('FGGKZI2527287238', '2024-01-25 20:00:16', '8521895421102', 1),
    ('FGGKZI2527287238', '2024-01-25 20:00:16', '3540697843096', 2),
    ('FGGKZI2527287238', '2024-01-25 20:00:16', '6330191197988', 2),
    ('FGGKZI2527287238', '2024-01-25 20:00:16', '3096744078628', 1),
    ('QAQMPZ0597242222', '2023-05-27 16:42:33', '4268157780373', 2),
    ('QAQMPZ0597242222', '2023-05-27 16:42:33', '6146004923031', 1),
    ('VLROKI9670227300', '2023-10-31 11:52:36', '8994385544411', 2),
    ('VLROKI9670227300', '2023-10-31 11:52:36', '6311893481236', 1),
    ('CIAKJK1621776077', '2023-10-02 10:14:12', '3333847097112', 2),
    ('EREXAM6327471653', '2024-01-06 15:26:43', '9722979623279', 1),
    ('EREXAM6327471653', '2024-01-06 15:26:43', '4267846908030', 2),
    ('EREXAM6327471653', '2024-01-06 15:26:43', '6746546190865', 2),
    ('EREXAM6327471653', '2024-01-06 15:26:43', '4865130870104', 2),
    ('ULOGAF8887534060', '2023-12-17 04:12:46', '2774582361206', 2),
    ('ULOGAF8887534060', '2023-12-17 04:12:46', '2514036453438', 1),
    ('NPEKDS3776433285', '2024-02-17 09:14:19', '9345848241133', 2),
    ('NPEKDS3776433285', '2024-02-17 09:14:19', '5956410603899', 2),
    ('NPEKDS3776433285', '2024-02-17 09:14:19', '5929938684707', 1),
    ('GNBKQP2042383427', '2024-02-25 01:22:12', '1154104060576', 2),
    ('WIOOJC1353794577', '2024-05-19 06:03:55', '3333847097112', 2),
    ('WIOOJC1353794577', '2024-05-19 06:03:55', '1880246849920', 2),
    ('NNSBFM4944875657', '2023-10-17 08:57:14', '4060574885574', 2),
    ('NNSBFM4944875657', '2023-10-17 08:57:14', '9404376911357', 1),
    ('CTEYHZ2765626787', '2023-09-28 17:16:40', '1190733562895', 2),
    ('CTEYHZ2765626787', '2023-09-28 17:16:40', '9264497185752', 2),
    ('CTEYHZ2765626787', '2023-09-28 17:16:40', '1063121437289', 2),
    ('DLGQPE8032635046', '2023-07-30 10:29:21', '9315788347193', 1),
    ('VNREDZ6914912705', '2023-10-03 06:05:56', '9968705456961', 2),
    ('VNREDZ6914912705', '2023-10-03 06:05:56', '2621942161547', 1),
    ('VNREDZ6914912705', '2023-10-03 06:05:56', '8581261964559', 1),
    ('VNREDZ6914912705', '2023-10-03 06:05:56', '4376123217097', 1),
    ('HUOPCR6848227663', '2023-06-20 17:53:39', '4010588138980', 2),
    ('HUOPCR6848227663', '2023-06-20 17:53:39', '9761932674385', 2),
    ('INXCTR6415117164', '2023-12-25 12:09:20', '7021443627431', 2),
    ('INXCTR6415117164', '2023-12-25 12:09:20', '5848299929037', 1),
    ('TASPPM5831168102', '2023-11-01 23:47:27', '8268055316591', 1),
    ('LXOFFN3057255452', '2024-02-14 15:04:49', '2306780288946', 1),
    ('GXFWOW4423456628', '2023-12-25 04:58:16', '5323367025716', 1),
    ('INXCTR6415117164', '2023-08-31 11:07:37', '2074044251030', 2),
    ('INXCTR6415117164', '2023-08-31 11:07:37', '7057862751747', 2),
    ('INXCTR6415117164', '2023-08-31 11:07:37', '8497915999483', 1),
    ('INXCTR6415117164', '2023-08-31 11:07:37', '3450775937293', 2),
    ('MXBZBV2926963990', '2024-03-06 01:41:47', '4267846908030', 1),
    ('MXBZBV2926963990', '2024-03-06 01:41:47', '3039584313615', 2),
    ('ICGRJB6711344889', '2023-10-31 19:56:37', '9761932674385', 2),
    ('ICGRJB6711344889', '2023-10-31 19:56:37', '1400639252763', 1),
    ('XWAPVV3930706477', '2023-11-11 10:15:17', '4226313136990', 1),
    ('GXFWOW4423456628', '2023-10-14 16:28:33', '2616934277643', 1),
    ('GXFWOW4423456628', '2023-10-14 16:28:33', '7280552546902', 2),
    ('GXFWOW4423456628', '2023-10-14 16:28:33', '3645065533683', 2),
    ('BZIHME1099385810', '2024-04-07 11:32:40', '4944132019531', 2),
    ('BZIHME1099385810', '2024-04-07 11:32:40', '6771042852861', 2),
    ('BZIHME1099385810', '2024-04-07 11:32:40', '8576478175489', 2),
    ('BZIHME1099385810', '2024-04-07 11:32:40', '4503985572974', 1),
    ('WIOOJC1353794577', '2023-07-12 21:31:49', '6720835592360', 2),
    ('WIOOJC1353794577', '2023-07-12 21:31:49', '6218091009218', 1),
    ('JYODGB1569104423', '2023-12-06 05:49:09', '8294524667041', 2),
    ('JYODGB1569104423', '2023-12-06 05:49:09', '7157474787698', 1),
    ('JYODGB1569104423', '2023-12-06 05:49:09', '2306780288946', 2),
    ('LNWRRQ6841768300', '2024-01-16 04:02:59', '4268157780373', 2),
    ('INXCTR6415117164', '2024-03-03 20:40:30', '5098946335026', 2),
    ('INXCTR6415117164', '2024-03-03 20:40:30', '3310983915256', 1),
    ('BZIHME1099385810', '2023-12-08 01:32:45', '4883430611060', 1),
    ('BZIHME1099385810', '2023-12-08 01:32:45', '5860291953087', 2),
    ('BZIHME1099385810', '2023-12-08 01:32:45', '4630257422769', 2),
    ('FIYYRA9619515330', '2023-05-24 09:27:25', '6495939296866', 2),
    ('DLHPLA9919037109', '2024-03-01 14:16:36', '8898959212164', 1),
    ('DLHPLA9919037109', '2024-03-01 14:16:36', '4865130870104', 1),
    ('VXJPLA7688813453', '2024-03-25 09:45:32', '3581373271843', 2),
    ('XQYATI9735139485', '2024-01-31 22:00:23', '8881572717309', 2),
    ('JZNPPX8632426802', '2023-07-14 04:07:17', '3562345455768', 1),
    ('JZNPPX8632426802', '2023-07-14 04:07:17', '6746509961055', 2),
    ('JZNPPX8632426802', '2023-07-14 04:07:17', '3288007994017', 2),
    ('ADIROB9151248103', '2023-05-23 05:02:04', '9532297840489', 2),
    ('ADIROB9151248103', '2023-05-23 05:02:04', '1893551912626', 2),
    ('ADIROB9151248103', '2023-05-23 05:02:04', '2321535426529', 2),
    ('VXJPLA7688813453', '2023-08-26 07:31:50', '3096744078628', 2),
    ('KFFPMP8373118548', '2023-09-09 16:19:11', '6302476968182', 1),
    ('KFFPMP8373118548', '2023-09-09 16:19:11', '1455352400761', 1),
    ('EGVIMP6191484504', '2023-08-04 22:54:06', '2774582361206', 2),
    ('OTWBEK7592336229', '2023-11-23 04:25:46', '4359209147825', 1),
    ('OTWBEK7592336229', '2023-11-23 04:25:46', '6285774810093', 2),
    ('OTWBEK7592336229', '2023-11-23 04:25:46', '1977493656379', 2),
    ('OTWBEK7592336229', '2023-11-23 04:25:46', '4738963988199', 2),
    ('DLGQPE8032635046', '2023-08-03 22:00:26', '2616934277643', 1),
    ('DLGQPE8032635046', '2023-08-03 22:00:26', '9017241509151', 1),
    ('DLGQPE8032635046', '2023-08-03 22:00:26', '7203937601689', 2),
    ('DLGQPE8032635046', '2023-08-03 22:00:26', '6493472587410', 2),
    ('SAYOLZ9547981866', '2024-04-15 04:37:50', '9994627267800', 2),
    ('SAYOLZ9547981866', '2024-04-15 04:37:50', '1807406792936', 2),
    ('SAYOLZ9547981866', '2024-04-15 04:37:50', '9236883783159', 1),
    ('SAYOLZ9547981866', '2024-04-15 04:37:50', '9037778322078', 2),
    ('TPJKVX4767951247', '2023-09-24 22:02:44', '6780110152517', 2),
    ('TPJKVX4767951247', '2023-09-24 22:02:44', '6311893481236', 1),
    ('TPJKVX4767951247', '2023-09-24 22:02:44', '7597910765757', 1),
    ('KRBUMC6972238452', '2023-07-19 00:33:52', '5276391713978', 2),
    ('KRBUMC6972238452', '2023-07-19 00:33:52', '3950962759080', 1),
    ('KRBUMC6972238452', '2023-11-25 21:46:24', '1651739711996', 2),
    ('KRBUMC6972238452', '2023-11-25 21:46:24', '1426624056804', 2),
    ('EVYUZL5185052905', '2023-12-02 14:07:46', '9536618821785', 2),
    ('LNWRRQ6841768300', '2023-06-02 16:27:39', '9057161289300', 1),
    ('LNWRRQ6841768300', '2023-06-02 16:27:39', '1526104336139', 2),
    ('LNWRRQ6841768300', '2023-06-02 16:27:39', '4389788408017', 2),
    ('LNWRRQ6841768300', '2023-06-02 16:27:39', '4511526153831', 2),
    ('WWHPXK8122987654', '2023-08-15 09:55:15', '1071066275320', 2),
    ('HUOPCR6848227663', '2024-01-13 13:10:06', '9849432421035', 1),
    ('HUOPCR6848227663', '2024-01-13 13:10:06', '4699449158599', 1),
    ('PNBMEM5100334607', '2023-06-05 22:55:37', '4828141846787', 1),
    ('ADIROB9151248103', '2024-02-09 14:01:23', '8898959212164', 1),
    ('VLROKI9670227300', '2023-09-05 07:37:06', '7694797225086', 2),
    ('VLROKI9670227300', '2023-09-05 07:37:06', '6494946166387', 1),
    ('VLROKI9670227300', '2023-09-05 07:37:06', '9968705456961', 2),
    ('XQYATI9735139485', '2023-06-22 03:20:25', '8208728468273', 1),
    ('RMOMEZ8756582397', '2024-03-24 16:08:58', '9768077584329', 1),
    ('RMOMEZ8756582397', '2024-03-24 16:08:58', '9850639130001', 1),
    ('NHPUWM0043341255', '2023-08-23 12:12:30', '6250780510198', 1),
    ('NHPUWM0043341255', '2023-08-23 12:12:30', '7343852461512', 1),
    ('NHPUWM0043341255', '2023-08-23 12:12:30', '5602067061560', 2),
    ('EVWUBB6502288859', '2023-07-24 12:21:23', '1550411352457', 1),
    ('ROHBKG6165637492', '2024-02-17 03:22:45', '8395977453528', 2),
    ('ROHBKG6165637492', '2024-02-17 03:22:45', '4523747082382', 2),
    ('ROHBKG6165637492', '2024-02-17 03:22:45', '3034413155487', 2),
    ('ROHBKG6165637492', '2024-02-17 03:22:45', '9345848241133', 2),
    ('SMAAVK4253899854', '2023-07-20 21:26:07', '2643960562451', 1),
    ('GHWHVG3008498779', '2024-03-28 00:59:17', '7155852436571', 2),
    ('GHWHVG3008498779', '2024-03-28 00:59:17', '3485466895206', 1),
    ('GHWHVG3008498779', '2024-03-28 00:59:17', '3670188988194', 1),
    ('GHWHVG3008498779', '2024-03-28 00:59:17', '5021231727153', 1),
    ('WIFAXU3670994280', '2023-08-12 15:27:40', '4105457156630', 2),
    ('WIFAXU3670994280', '2023-08-12 15:27:40', '1495791769132', 1),
    ('TJFMHL9028834804', '2024-02-06 04:56:35', '1690248005800', 1),
    ('TJFMHL9028834804', '2024-02-06 04:56:35', '6203751073682', 2),
    ('TJFMHL9028834804', '2024-02-06 04:56:35', '7732461887399', 1),
    ('TJFMHL9028834804', '2024-02-06 04:56:35', '5831756503822', 1),
    ('INXCTR6415117164', '2024-01-26 09:46:35', '9558822413560', 2),
    ('INXCTR6415117164', '2024-01-26 09:46:35', '2341104328401', 2),
    ('INXCTR6415117164', '2024-01-26 09:46:35', '1424872448379', 2),
    ('INXCTR6415117164', '2024-01-26 09:46:35', '9221662537627', 2),
    ('INXCTR6415117164', '2024-05-03 17:50:32', '9722979623279', 2),
    ('INXCTR6415117164', '2024-05-03 17:50:32', '5363279064844', 1),
    ('INXCTR6415117164', '2024-05-03 17:50:32', '9500225539197', 1),
    ('INXCTR6415117164', '2024-05-03 17:50:32', '2919536243434', 2),
    ('ADIROB9151248103', '2023-09-30 13:44:27', '2226901444059', 1),
    ('ADIROB9151248103', '2023-09-30 13:44:27', '5366908066832', 2),
    ('ADIROB9151248103', '2023-09-30 13:44:27', '5424076190672', 2),
    ('ADIROB9151248103', '2023-09-30 13:44:27', '2428784294117', 1),
    ('ZKZVGA5003925448', '2024-01-17 12:39:01', '7214625584899', 2),
    ('JYODGB1569104423', '2023-06-22 16:35:26', '9957391117886', 2),
    ('RWKGNR2258795426', '2024-03-16 03:15:05', '2985786441977', 2),
    ('RWKGNR2258795426', '2024-03-16 03:15:05', '2530527161566', 2),
    ('RWKGNR2258795426', '2024-03-16 03:15:05', '1512202260968', 1),
    ('RWKGNR2258795426', '2024-03-16 03:15:05', '1893551912626', 1),
    ('GXFWOW4423456628', '2023-07-04 04:09:15', '6756341263709', 1),
    ('GXFWOW4423456628', '2023-07-04 04:09:15', '5276391713978', 2),
    ('GXFWOW4423456628', '2023-07-04 04:09:15', '6518978474728', 1),
    ('TOCGQQ3800262961', '2024-04-23 20:08:10', '5299995448985', 2),
    ('TOCGQQ3800262961', '2024-04-23 20:08:10', '4275559660828', 2),
    ('TOCGQQ3800262961', '2024-04-23 20:08:10', '5165189473403', 1),
    ('BYIYVL8064772004', '2024-05-19 13:01:58', '5831756503822', 1),
    ('BYIYVL8064772004', '2024-05-19 13:01:58', '4226313136990', 1),
    ('YRJHES1153092366', '2024-01-14 05:03:13', '8207991801028', 1),
    ('YRJHES1153092366', '2024-01-14 05:03:13', '8846481393763', 2),
    ('GXFWOW4423456628', '2023-08-25 23:14:42', '4254138481142', 1),
    ('GXFWOW4423456628', '2023-08-25 23:14:42', '9411619899886', 2),
    ('WCYDJI5426164824', '2023-06-10 05:25:58', '7244423964193', 1),
    ('WCYDJI5426164824', '2023-06-10 05:25:58', '7694797225086', 1),
    ('WCYDJI5426164824', '2023-06-10 05:25:58', '7708431264926', 2),
    ('BVNTAJ1316513450', '2023-10-21 13:36:57', '2972562034159', 1),
    ('BVNTAJ1316513450', '2023-10-21 13:36:57', '8267232701413', 2),
    ('BVNTAJ1316513450', '2023-10-21 13:36:57', '9958793340097', 1),
    ('HKYUYK0006787974', '2023-06-24 08:54:33', '6261203553123', 2),
    ('LVLARE6664531769', '2024-03-08 10:45:12', '2383946587394', 1),
    ('CTEYHZ2765626787', '2023-06-13 02:03:13', '7758224685687', 2),
    ('CTEYHZ2765626787', '2023-06-13 02:03:13', '9994627267800', 1),
    ('CTEYHZ2765626787', '2023-06-13 02:03:13', '4953728937603', 1),
    ('CTEYHZ2765626787', '2023-06-13 02:03:13', '1956739934662', 1),
    ('FGGKZI2527287238', '2023-05-24 12:48:21', '4793032080843', 1),
    ('LXOFFN3057255452', '2024-01-27 05:51:34', '5464084057053', 2),
    ('LXOFFN3057255452', '2024-01-27 05:51:34', '7864691624448', 1),
    ('LXOFFN3057255452', '2024-01-27 05:51:34', '4786170273507', 2),
    ('ICGRJB6711344889', '2024-04-08 12:42:26', '3310983915256', 2),
    ('ICGRJB6711344889', '2024-04-08 12:42:26', '6218091009218', 1),
    ('TOCGQQ3800262961', '2024-03-26 05:21:17', '6883386959584', 1),
    ('CIAKJK1621776077', '2024-01-21 20:59:30', '7392175960545', 2),
    ('CIAKJK1621776077', '2024-01-21 20:59:30', '9500225539197', 2),
    ('CIAKJK1621776077', '2024-01-21 20:59:30', '8395977453528', 2),
    ('FIYYRA9619515330', '2023-12-05 06:35:16', '4096698275305', 2),
    ('FIYYRA9619515330', '2023-12-05 06:35:16', '3732941060064', 2),
    ('FIYYRA9619515330', '2023-12-05 06:35:16', '3940494668414', 2),
    ('VEYFPR5428021930', '2023-12-17 19:32:43', '5119560704299', 2),
    ('VEYFPR5428021930', '2023-12-17 19:32:43', '6454626807548', 2),
    ('NCROOI2910185423', '2023-08-27 11:13:34', '7531831425186', 2),
    ('NCROOI2910185423', '2023-08-27 11:13:34', '3678225717207', 2),
    ('NCROOI2910185423', '2023-08-27 11:13:34', '1063121437289', 2),
    ('NCROOI2910185423', '2023-08-27 11:13:34', '1864866988442', 1),
    ('UAFKDS5028423956', '2024-04-09 10:17:35', '7155852436571', 2),
    ('UAFKDS5028423956', '2024-04-09 10:17:35', '5164216520987', 2),
    ('UAFKDS5028423956', '2024-04-09 10:17:35', '5956410603899', 1),
    ('UAFKDS5028423956', '2024-04-09 10:17:35', '8898959212164', 2),
    ('TIJDBW4331540159', '2024-04-01 17:06:14', '6338380481655', 2),
    ('TIJDBW4331540159', '2024-04-01 17:06:14', '3627314475044', 1),
    ('TIJDBW4331540159', '2024-04-01 17:06:14', '1709037340759', 1),
    ('TIJDBW4331540159', '2024-04-01 17:06:14', '5081857928100', 1),
    ('XRYWMT8290905527', '2024-01-13 13:17:33', '7694797225086', 2),
    ('XRYWMT8290905527', '2024-01-13 13:17:33', '9175833406998', 2),
    ('XRYWMT8290905527', '2024-01-13 13:17:33', '7901099196080', 2),
    ('XRYWMT8290905527', '2024-01-13 13:17:33', '2428784294117', 1),
    ('CQOKYM6017935790', '2024-01-21 12:27:55', '9558822413560', 1),
    ('WIFAXU3670994280', '2023-10-08 05:43:57', '3310983915256', 1),
    ('BAWBPC0834017414', '2023-06-04 09:16:16', '3670188988194', 2),
    ('BAWBPC0834017414', '2023-06-04 09:16:16', '8497915999483', 2),
    ('MWKVBI1364400660', '2023-06-24 02:48:04', '2201406782583', 1),
    ('FJOQTB8909501297', '2023-05-28 16:12:00', '5142916687823', 2),
    ('FJOQTB8909501297', '2023-05-28 16:12:00', '1690248005800', 1),
    ('FJOQTB8909501297', '2023-05-28 16:12:00', '4060574885574', 1),
    ('FMLPKY5929326331', '2023-06-10 21:32:18', '1455352400761', 1),
    ('FMLPKY5929326331', '2023-06-10 21:32:18', '4716421833189', 1),
    ('FMLPKY5929326331', '2023-06-10 21:32:18', '8088332305837', 2),
    ('FMLPKY5929326331', '2023-06-10 21:32:18', '2373012391029', 2),
    ('DMPJGN0946433319', '2024-04-04 07:12:43', '3900964791431', 2),
    ('DMPJGN0946433319', '2024-04-04 07:12:43', '7113001276148', 2),
    ('DMPJGN0946433319', '2024-04-04 07:12:43', '5929938684707', 1),
    ('FOGLVK7835472296', '2023-09-09 21:33:39', '5956052634916', 1),
    ('FOGLVK7835472296', '2023-09-09 21:33:39', '9558822413560', 2),
    ('TJFMHL9028834804', '2024-03-27 20:19:25', '1893551912626', 2),
    ('TJFMHL9028834804', '2024-03-27 20:19:25', '4669516803488', 1),
    ('NCROOI2910185423', '2023-07-24 16:54:43', '5502864251960', 1),
    ('NCROOI2910185423', '2023-07-24 16:54:43', '9667938866103', 2),
    ('LXOFFN3057255452', '2024-04-28 23:48:25', '6498337905320', 2),
    ('LXOFFN3057255452', '2024-04-28 23:48:25', '9207697121213', 1),
    ('LXOFFN3057255452', '2024-04-28 23:48:25', '4146445958329', 2),
    ('FMLPKY5929326331', '2024-04-01 23:27:01', '4470403175866', 2),
    ('FMLPKY5929326331', '2024-04-01 23:27:01', '6650983587617', 1),
    ('FUFRYC7420290261', '2023-09-29 02:58:54', '7971444743441', 2),
    ('FUFRYC7420290261', '2023-09-29 02:58:54', '2908717757667', 2),
    ('ELURQK0948686229', '2023-10-22 23:03:45', '7374109191092', 2),
    ('ELURQK0948686229', '2023-10-22 23:03:45', '5081857928100', 2),
    ('VPZRYR5745340687', '2023-07-05 02:25:20', '7645092337292', 1),
    ('VPZRYR5745340687', '2023-07-05 02:25:20', '5502289795362', 2),
    ('VPZRYR5745340687', '2023-07-05 02:25:20', '9257024617266', 1),
    ('VPZRYR5745340687', '2023-07-05 02:25:20', '3947293998229', 2),
    ('QDRSAD0147962426', '2024-02-10 06:47:27', '9301543359209', 2),
    ('QDRSAD0147962426', '2024-02-10 06:47:27', '2051349388114', 1),
    ('VEYFPR5428021930', '2024-03-20 14:20:36', '5929938684707', 1),
    ('ZJABEI6593516808', '2024-01-18 06:48:54', '2588437516248', 1),
    ('ZJABEI6593516808', '2024-01-18 06:48:54', '2118753817695', 1),
    ('ZJABEI6593516808', '2024-01-18 06:48:54', '9761932674385', 2),
    ('MDFWNZ1097830313', '2024-03-25 21:24:08', '5848299929037', 1),
    ('MDFWNZ1097830313', '2024-03-25 21:24:08', '8497915999483', 2),
    ('MDFWNZ1097830313', '2024-03-25 21:24:08', '8842473780641', 2),
    ('MDFWNZ1097830313', '2024-03-25 21:24:08', '4987439256353', 2),
    ('CQOKYM6017935790', '2023-09-20 06:05:56', '8600694134836', 2),
    ('CQOKYM6017935790', '2023-09-20 06:05:56', '4021618285601', 2),
    ('ZJABEI6593516808', '2023-10-10 01:18:42', '6991988792956', 1),
    ('EVWUBB6502288859', '2024-03-18 11:10:53', '7998499769175', 2),
    ('EVWUBB6502288859', '2024-03-18 11:10:53', '7113001276148', 1),
    ('EVWUBB6502288859', '2024-03-18 11:10:53', '7392175960545', 2),
    ('EVWUBB6502288859', '2024-03-18 11:10:53', '3450775937293', 2),
    ('TJFMHL9028834804', '2024-04-19 03:01:33', '4523747082382', 1),
    ('TJFMHL9028834804', '2024-04-19 03:01:33', '8763073019330', 2),
    ('TJFMHL9028834804', '2024-04-19 03:01:33', '5728435617798', 2),
    ('BVNTAJ1316513450', '2023-10-09 18:10:08', '2051349388114', 1),
    ('BVNTAJ1316513450', '2023-10-09 18:10:08', '7606672795967', 1),
    ('TVCNOO0421787090', '2023-11-21 09:22:14', '4087961784002', 2),
    ('TVCNOO0421787090', '2023-11-21 09:22:14', '9401050546092', 1),
    ('TVCNOO0421787090', '2023-11-21 09:22:14', '8086780897833', 1),
    ('KRINSD5171506701', '2023-08-12 15:47:25', '3682886040228', 2),
    ('KRINSD5171506701', '2023-08-12 15:47:25', '7877928790586', 2),
    ('RSXXEZ2572660446', '2023-12-13 14:40:56', '4182699633928', 2),
    ('RSXXEZ2572660446', '2023-12-13 14:40:56', '9090211432321', 1),
    ('RSXXEZ2572660446', '2023-12-13 14:40:56', '1884610284244', 1),
    ('RSXXEZ2572660446', '2023-12-13 14:40:56', '8881572717309', 2),
    ('NJOSHI9243354099', '2023-10-26 17:17:13', '7162343375351', 2),
    ('NJOSHI9243354099', '2023-10-26 17:17:13', '4376123217097', 1),
    ('KRINSD5171506701', '2023-10-07 09:41:36', '6780110152517', 2),
    ('KRINSD5171506701', '2023-10-07 09:41:36', '6302476968182', 1),
    ('KRINSD5171506701', '2023-10-07 09:41:36', '5557278791203', 2),
    ('INXCTR6415117164', '2023-07-01 05:14:48', '6103421603871', 2),
    ('INXCTR6415117164', '2023-07-01 05:14:48', '5323367025716', 2),
    ('INXCTR6415117164', '2023-07-01 05:14:48', '7900802275178', 2),
    ('MWKVBI1364400660', '2023-11-11 00:43:16', '1807406792936', 1),
    ('MWKVBI1364400660', '2023-11-11 00:43:16', '7645092337292', 1),
    ('MWKVBI1364400660', '2023-11-11 00:43:16', '3981646668323', 2),
    ('WWHPXK8122987654', '2023-06-01 10:57:33', '7698043905422', 2),
    ('WWHPXK8122987654', '2023-06-01 10:57:33', '2341104328401', 2),
    ('WWHPXK8122987654', '2023-06-01 10:57:33', '4828141846787', 1),
    ('WWHPXK8122987654', '2023-06-01 10:57:33', '8506631238972', 1),
    ('NPEKDS3776433285', '2023-08-06 10:51:33', '9716068609158', 1),
    ('NPEKDS3776433285', '2023-08-06 10:51:33', '2530527161566', 2),
    ('NPEKDS3776433285', '2023-08-06 10:51:33', '2051349388114', 1),
    ('CIAKJK1621776077', '2024-01-08 22:25:45', '4944132019531', 2),
    ('CIAKJK1621776077', '2024-01-08 22:25:45', '9849432421035', 2),
    ('LTQKFH6294310694', '2024-01-05 06:11:24', '4010588138980', 2),
    ('LTQKFH6294310694', '2024-01-05 06:11:24', '9908139973166', 1),
    ('AHMTTN1710228738', '2024-04-20 09:52:02', '1880246849920', 1),
    ('MBHBQM2440077964', '2024-04-09 04:58:12', '6493472587410', 2),
    ('MBHBQM2440077964', '2024-04-09 04:58:12', '8825441095650', 2),
    ('BZIHME1099385810', '2023-12-14 20:54:26', '5068250932117', 2),
    ('BZIHME1099385810', '2023-12-14 20:54:26', '7732461887399', 2),
    ('BZIHME1099385810', '2023-12-14 20:54:26', '5405729915697', 1),
    ('ICGLTA8283082328', '2024-05-07 13:00:37', '1812196870543', 1),
    ('FIYYRA9619515330', '2024-02-12 14:31:07', '4987439256353', 2),
    ('HUOPCR6848227663', '2023-08-04 21:08:07', '3046531461440', 2),
    ('GNBKQP2042383427', '2023-10-09 17:20:16', '2858501638233', 2),
    ('UAFKDS5028423956', '2023-12-12 23:56:44', '9264497185752', 1),
    ('UAFKDS5028423956', '2023-12-12 23:56:44', '1690248005800', 2),
    ('SMAAVK4253899854', '2024-02-27 18:13:14', '7923401035421', 2),
    ('SMAAVK4253899854', '2024-02-27 18:13:14', '7038953277143', 2),
    ('SMAAVK4253899854', '2024-02-27 18:13:14', '7208725947681', 2),
    ('VLROKI9670227300', '2023-11-29 02:34:25', '2468019126021', 1),
    ('VLROKI9670227300', '2023-11-29 02:34:25', '7976366267458', 2),
    ('VLROKI9670227300', '2023-11-29 02:34:25', '8208728468273', 2),
    ('VPZRYR5745340687', '2024-01-22 06:35:16', '3900964791431', 1),
    ('BVNTAJ1316513450', '2024-05-08 20:41:50', '5612152018533', 2),
    ('BVNTAJ1316513450', '2024-05-08 20:41:50', '2051349388114', 1),
    ('BVNTAJ1316513450', '2024-05-08 20:41:50', '2226901444059', 1),
    ('BVNTAJ1316513450', '2024-05-08 20:41:50', '6868600006922', 1),
    ('NHPUWM0043341255', '2023-06-30 09:18:10', '3039584313615', 2),
    ('NHPUWM0043341255', '2023-06-30 09:18:10', '5218503570139', 1),
    ('VNREDZ6914912705', '2023-11-13 04:18:46', '3629836810681', 1),
    ('VNREDZ6914912705', '2023-11-13 04:18:46', '2434594140119', 1),
    ('FMLPKY5929326331', '2023-08-22 10:13:51', '2621942161547', 2),
    ('FMLPKY5929326331', '2023-08-22 10:13:51', '3870526544078', 1),
    ('FMLPKY5929326331', '2023-08-22 10:13:51', '5683733494374', 2),
    ('MBHBQM2440077964', '2023-09-20 09:58:53', '2561800180158', 2),
    ('MBHBQM2440077964', '2023-09-20 09:58:53', '8169029347142', 1),
    ('MBHBQM2440077964', '2023-09-20 09:58:53', '4456623071036', 1),
    ('MBHBQM2440077964', '2023-09-20 09:58:53', '8353509034768', 2),
    ('KASUGJ6040259126', '2023-08-03 19:45:52', '5689055823103', 1),
    ('KASUGJ6040259126', '2023-08-03 19:45:52', '4511526153831', 1),
    ('KASUGJ6040259126', '2023-08-03 19:45:52', '5068250932117', 1),
    ('KASUGJ6040259126', '2023-08-03 19:45:52', '5502289795362', 2),
    ('YRJHES1153092366', '2023-06-23 07:21:18', '1651168907114', 1),
    ('YRJHES1153092366', '2023-06-23 07:21:18', '1707674852576', 1),
    ('ROHBKG6165637492', '2024-03-26 18:25:05', '1676884829281', 1),
    ('ROHBKG6165637492', '2024-03-26 18:25:05', '6619736839702', 1),
    ('ICGRJB6711344889', '2024-02-12 06:43:16', '6495530044775', 1),
    ('ICGRJB6711344889', '2024-02-12 06:43:16', '2051349388114', 1),
    ('EREXAM6327471653', '2024-01-26 06:56:05', '2216709567102', 2),
    ('EREXAM6327471653', '2024-01-26 06:56:05', '5956410603899', 2),
    ('BDYRUG5915490857', '2023-10-22 15:05:43', '7052452078705', 1),
    ('BDYRUG5915490857', '2023-10-22 15:05:43', '5516208416776', 2),
    ('BDYRUG5915490857', '2023-10-22 15:05:43', '3562345455768', 2),
    ('WWHPXK8122987654', '2023-08-10 02:13:06', '6993616725915', 1),
    ('WWHPXK8122987654', '2023-08-10 02:13:06', '5956410603899', 2),
    ('KASUGJ6040259126', '2024-02-25 22:53:49', '9908139973166', 1),
    ('KASUGJ6040259126', '2024-02-25 22:53:49', '7877928790586', 1),
    ('KASUGJ6040259126', '2024-02-25 22:53:49', '9972432019843', 2),
    ('MXBZBV2926963990', '2024-01-14 17:12:53', '7263227813393', 2),
    ('NLPNMU1824897616', '2024-03-13 03:44:10', '7267634080638', 1),
    ('NLPNMU1824897616', '2024-03-13 03:44:10', '2774582361206', 1),
    ('NLPNMU1824897616', '2024-03-13 03:44:10', '8278649964460', 1),
    ('NLPNMU1824897616', '2024-03-13 03:44:10', '3333847097112', 1),
    ('JZNPPX8632426802', '2023-07-21 05:19:42', '8267589331724', 2),
    ('JZNPPX8632426802', '2023-07-21 05:19:42', '8522131193317', 2),
    ('WWHPXK8122987654', '2023-06-30 07:27:33', '3121511152585', 1),
    ('WWHPXK8122987654', '2023-06-30 07:27:33', '4699449158599', 2),
    ('VXJPLA7688813453', '2024-01-29 20:36:28', '2321535426529', 1),
    ('VXJPLA7688813453', '2024-01-29 20:36:28', '6565702399469', 1),
    ('VXJPLA7688813453', '2024-01-29 20:36:28', '7641936148630', 1),
    ('VXJPLA7688813453', '2024-01-29 20:36:28', '4511526153831', 1),
    ('TIJDBW4331540159', '2024-01-27 14:53:31', '7597910765757', 2),
    ('TIJDBW4331540159', '2024-01-27 14:53:31', '6285774810093', 2),
    ('HUOPCR6848227663', '2024-03-23 18:08:57', '3591607469342', 2),
    ('HUOPCR6848227663', '2024-03-23 18:08:57', '4793032080843', 1),
    ('HUOPCR6848227663', '2024-03-23 18:08:57', '7689410294217', 2),
    ('JZNPPX8632426802', '2023-07-27 06:56:38', '8099362970709', 2),
    ('JZNPPX8632426802', '2023-07-27 06:56:38', '3653004225426', 1),
    ('JZNPPX8632426802', '2023-07-27 06:56:38', '1787832835311', 2),
    ('VLROKI9670227300', '2023-05-29 05:34:24', '6045789053623', 1),
    ('VLROKI9670227300', '2023-05-29 05:34:24', '9088124201643', 1),
    ('VLROKI9670227300', '2023-05-29 05:34:24', '4128092889557', 2),
    ('VLROKI9670227300', '2023-05-29 05:34:24', '6495530044775', 2),
    ('YRJHES1153092366', '2023-10-02 00:05:26', '3713929868439', 2),
    ('YRJHES1153092366', '2023-10-02 00:05:26', '1350800218729', 1),
    ('YRJHES1153092366', '2023-10-02 00:05:26', '2099192180584', 2),
    ('WIOOJC1353794577', '2023-08-17 18:20:05', '6330191197988', 2),
    ('WIOOJC1353794577', '2023-08-17 18:20:05', '4771728851632', 2),
    ('WIOOJC1353794577', '2023-08-17 18:20:05', '3627314475044', 2),
    ('WIOOJC1353794577', '2023-08-17 18:20:05', '1301187694886', 1),
    ('CZVBYW7951063814', '2024-01-03 23:51:04', '8881572717309', 1),
    ('CZVBYW7951063814', '2024-01-03 23:51:04', '3064444022873', 1),
    ('BDYRUG5915490857', '2023-06-24 06:13:50', '6285774810093', 1),
    ('BDYRUG5915490857', '2023-06-24 06:13:50', '6720835592360', 2),
    ('BDYRUG5915490857', '2023-06-24 06:13:50', '7597910765757', 1),
    ('BDYRUG5915490857', '2023-06-24 06:13:50', '8846481393763', 2),
    ('TVCNOO0421787090', '2023-12-12 02:48:52', '4980157936773', 2),
    ('TVCNOO0421787090', '2023-12-12 02:48:52', '6203751073682', 1),
    ('TASPPM5831168102', '2024-04-15 10:05:52', '5569054219947', 2),
    ('TASPPM5831168102', '2024-04-15 10:05:52', '2038051363087', 2),
    ('INXCTR6415117164', '2023-06-26 16:31:55', '5956304622161', 2),
    ('INXCTR6415117164', '2023-06-26 16:31:55', '7208725947681', 1),
    ('YRJHES1153092366', '2023-07-29 06:00:35', '8521895421102', 1),
    ('YRJHES1153092366', '2023-07-29 06:00:35', '3670188988194', 1),
    ('YRJHES1153092366', '2023-07-29 06:00:35', '3333847097112', 1),
    ('YRJHES1153092366', '2023-07-29 06:00:35', '6619736839702', 2),
    ('NPEKDS3776433285', '2024-01-07 12:17:14', '3037346525910', 1),
    ('NPEKDS3776433285', '2024-01-07 12:17:14', '7641936148630', 1),
    ('TIJDBW4331540159', '2024-02-14 09:11:36', '8521895421102', 1),
    ('TIJDBW4331540159', '2024-02-14 09:11:36', '2774582361206', 2),
    ('ICGLTA8283082328', '2023-08-14 00:08:37', '6780110152517', 2),
    ('JZNPPX8632426802', '2023-07-11 16:57:15', '7789670443852', 1),
    ('JZNPPX8632426802', '2023-07-11 16:57:15', '7538869035029', 1),
    ('EVWUBB6502288859', '2024-03-22 16:35:53', '6660444881612', 1),
    ('EVWUBB6502288859', '2024-03-22 16:35:53', '2996118123342', 1),
    ('NCROOI2910185423', '2024-03-08 09:41:45', '7900802275178', 2),
    ('NCROOI2910185423', '2024-03-08 09:41:45', '3870526544078', 1),
    ('NCROOI2910185423', '2024-03-08 09:41:45', '9044946053531', 1),
    ('NCROOI2910185423', '2024-03-08 09:41:45', '4478354872591', 1),
    ('DQPWXA2519183424', '2024-05-15 23:23:47', '2067371818906', 1),
    ('DQPWXA2519183424', '2024-05-15 23:23:47', '8450273893705', 1),
    ('DQPWXA2519183424', '2024-05-15 23:23:47', '2051349388114', 2),
    ('FJOQTB8909501297', '2024-04-03 09:01:45', '7253871107463', 1),
    ('WYVUBN4704788198', '2023-08-10 08:03:39', '6720835592360', 2),
    ('WYVUBN4704788198', '2023-08-10 08:03:39', '4359209147825', 1),
    ('WYVUBN4704788198', '2023-08-10 08:03:39', '9204422519864', 1),
    ('WYVUBN4704788198', '2023-08-10 08:03:39', '3187423834262', 1),
    ('QDRSAD0147962426', '2023-10-30 07:25:13', '7374109191092', 1),
    ('QDRSAD0147962426', '2023-10-30 07:25:13', '7732461887399', 1),
    ('LVLARE6664531769', '2023-08-21 08:51:44', '5956052634916', 2),
    ('LVLARE6664531769', '2023-08-21 08:51:44', '4828141846787', 2),
    ('LVLARE6664531769', '2023-08-21 08:51:44', '8330561081724', 1),
    ('LVLARE6664531769', '2023-08-21 08:51:44', '3234316199031', 2),
    ('WWHPXK8122987654', '2024-01-08 11:24:18', '3591607469342', 1),
    ('MBHBQM2440077964', '2023-06-10 18:59:33', '1676884829281', 1),
    ('MBHBQM2440077964', '2023-06-10 18:59:33', '4096698275305', 2),
    ('NHBBEY7936343738', '2023-08-04 11:45:05', '7732461887399', 2),
    ('NHBBEY7936343738', '2023-08-04 11:45:05', '3983367922537', 1),
    ('NHBBEY7936343738', '2023-08-04 11:45:05', '8763073019330', 2),
    ('CIAKJK1621776077', '2024-02-17 10:56:44', '5830098722582', 2),
    ('CIAKJK1621776077', '2024-02-17 10:56:44', '1928494585426', 2),
    ('CIAKJK1621776077', '2024-02-17 10:56:44', '7645092337292', 1),
    ('CIAKJK1621776077', '2024-02-17 10:56:44', '4597008590365', 2),
    ('NLPNMU1824897616', '2023-09-07 01:21:25', '3560508473826', 2),
    ('JGFZUC6741783125', '2023-09-03 13:01:34', '4128092889557', 2),
    ('JGFZUC6741783125', '2023-09-03 13:01:34', '6452043186677', 2),
    ('CZVBYW7951063814', '2024-02-08 22:36:00', '1676884829281', 2),
    ('CZVBYW7951063814', '2024-02-08 22:36:00', '8843199009330', 1),
    ('CZVBYW7951063814', '2024-02-08 22:36:00', '5182524277775', 2),
    ('KRINSD5171506701', '2023-09-02 23:22:43', '7348295966139', 1),
    ('DMPJGN0946433319', '2024-02-27 03:32:44', '9122595575872', 2),
    ('MWKVBI1364400660', '2024-03-31 18:37:15', '4181611758463', 1),
    ('MWKVBI1364400660', '2024-03-31 18:37:15', '6494946166387', 1),
    ('MWKVBI1364400660', '2024-03-31 18:37:15', '5409718046547', 1),
    ('MWKVBI1364400660', '2024-03-31 18:37:15', '4917186265037', 2),
    ('VXJPLA7688813453', '2023-05-23 02:16:20', '5227784941331', 1),
    ('VXJPLA7688813453', '2023-05-23 02:16:20', '1320131892906', 1),
    ('VXJPLA7688813453', '2023-05-23 02:16:20', '7694797225086', 2),
    ('VXJPLA7688813453', '2023-05-23 02:16:20', '5848299929037', 2),
    ('VNREDZ6914912705', '2024-05-07 02:03:02', '7055413998914', 2),
    ('VNREDZ6914912705', '2024-05-07 02:03:02', '8099362970709', 2),
    ('VNREDZ6914912705', '2024-05-07 02:03:02', '2758374328701', 2),
    ('VNREDZ6914912705', '2024-05-07 02:03:02', '2530527161566', 2),
    ('QDRSAD0147962426', '2023-12-18 13:09:49', '7998499769175', 1),
    ('RWKGNR2258795426', '2024-02-25 08:53:59', '8581261964559', 2),
    ('NHBBEY7936343738', '2023-05-21 05:38:46', '1891257372866', 1),
    ('NHBBEY7936343738', '2023-05-21 05:38:46', '2309803165745', 1),
    ('NHBBEY7936343738', '2023-05-21 05:38:46', '4771728851632', 2),
    ('ZKZVGA5003925448', '2023-07-16 08:28:18', '4311988729471', 1),
    ('ZKZVGA5003925448', '2023-07-16 08:28:18', '1504309247850', 2),
    ('ZKZVGA5003925448', '2023-07-16 08:28:18', '2985786441977', 2),
    ('LNWRRQ6841768300', '2024-03-28 23:10:10', '1007284161411', 2),
    ('LNWRRQ6841768300', '2024-03-28 23:10:10', '6144355670466', 1),
    ('LNWRRQ6841768300', '2024-03-28 23:10:10', '7214625584899', 1),
    ('LNWRRQ6841768300', '2024-03-28 23:10:10', '5502289795362', 2),
    ('GXFWOW4423456628', '2023-12-26 04:15:16', '7789670443852', 2),
    ('GXFWOW4423456628', '2023-12-26 04:15:16', '9236883783159', 2),
    ('GXFWOW4423456628', '2023-12-26 04:15:16', '3895458530363', 2),
    ('GXFWOW4423456628', '2023-12-26 04:15:16', '6129435742938', 2),
    ('WIFAXU3670994280', '2023-06-01 19:52:05', '8689107797956', 1),
    ('WIFAXU3670994280', '2023-06-01 19:52:05', '1733990930012', 1),
    ('MBHBQM2440077964', '2024-01-19 10:39:57', '1651739711996', 1),
    ('NHBBEY7936343738', '2024-01-05 03:15:46', '2055988534622', 1),
    ('NHBBEY7936343738', '2024-01-05 03:15:46', '4859627430715', 1),
    ('NHBBEY7936343738', '2024-01-05 03:15:46', '5848299929037', 1),
    ('NHBBEY7936343738', '2024-01-05 03:15:46', '2984548660791', 2),
    ('EVYUZL5185052905', '2024-05-07 20:15:28', '5165189473403', 2),
    ('EVYUZL5185052905', '2024-05-07 20:15:28', '9088124201643', 1),
    ('KRBUMC6972238452', '2024-03-30 14:22:51', '4859627430715', 1),
    ('NCROOI2910185423', '2023-07-01 00:08:21', '3713929868439', 2),
    ('CQOKYM6017935790', '2023-07-13 13:15:13', '9204422519864', 2),
    ('CQOKYM6017935790', '2023-07-13 13:15:13', '1154104060576', 1),
    ('CQOKYM6017935790', '2023-07-13 13:15:13', '7348295966139', 1),
    ('CQOKYM6017935790', '2023-07-13 13:15:13', '2051349388114', 2),
    ('GHWHVG3008498779', '2023-08-27 13:35:54', '9293765779012', 2),
    ('GHWHVG3008498779', '2023-08-27 13:35:54', '2599145934221', 2),
    ('GHWHVG3008498779', '2023-08-27 13:35:54', '5243053874965', 1),
    ('GHWHVG3008498779', '2023-08-27 13:35:54', '4469243070929', 2),
    ('SMAAVK4253899854', '2024-04-01 17:05:44', '2378130492216', 2),
    ('SMAAVK4253899854', '2024-04-01 17:05:44', '6916532465341', 2),
    ('SMAAVK4253899854', '2024-04-01 17:05:44', '7998499769175', 1),
    ('LXOFFN3057255452', '2023-06-23 15:01:03', '3940494668414', 2),
    ('LXOFFN3057255452', '2023-06-23 15:01:03', '9536618821785', 2),
    ('LXOFFN3057255452', '2023-06-23 15:01:03', '8353509034768', 2),
    ('FGGKZI2527287238', '2024-03-24 08:05:35', '3627314475044', 1),
    ('FGGKZI2527287238', '2024-03-24 08:05:35', '5552224936786', 2),
    ('YRJHES1153092366', '2023-08-20 10:29:06', '1156725355536', 2),
    ('YRJHES1153092366', '2023-08-20 10:29:06', '2226901444059', 2),
    ('YRJHES1153092366', '2023-08-20 10:29:06', '8881572717309', 2),
    ('XJAXAD0454612840', '2024-05-19 04:40:42', '1303950038367', 2),
    ('XJAXAD0454612840', '2024-05-19 04:40:42', '7741646742605', 1),
    ('XJAXAD0454612840', '2024-05-19 04:40:42', '2972562034159', 1),
    ('MDFWNZ1097830313', '2023-08-06 23:13:22', '4456623071036', 2),
    ('MDFWNZ1097830313', '2023-08-06 23:13:22', '3893250809531', 1),
    ('MDFWNZ1097830313', '2023-08-06 23:13:22', '8395977453528', 1),
    ('MDFWNZ1097830313', '2023-08-06 23:13:22', '6619736839702', 1),
    ('SAYOLZ9547981866', '2023-10-18 04:38:50', '9761932674385', 1),
    ('JYODGB1569104423', '2024-01-29 19:40:57', '6151066312381', 2),
    ('JYODGB1569104423', '2024-01-29 19:40:57', '2621942161547', 2),
    ('JYODGB1569104423', '2024-01-29 19:40:57', '4828141846787', 1),
    ('JYODGB1569104423', '2024-01-29 19:40:57', '2529301549008', 1),
    ('NCROOI2910185423', '2023-10-30 22:53:29', '1350800218729', 2),
    ('NCROOI2910185423', '2023-10-30 22:53:29', '3947293998229', 1),
    ('GNBKQP2042383427', '2023-10-03 05:06:14', '1297063070594', 2),
    ('JYODGB1569104423', '2023-10-28 13:19:02', '6619736839702', 2),
    ('JYODGB1569104423', '2023-10-28 13:19:02', '9044946053531', 2),
    ('KASUGJ6040259126', '2023-07-24 23:09:50', '4478354872591', 2),
    ('ZJABEI6593516808', '2023-08-23 06:52:11', '6847041149340', 1),
    ('YRJHES1153092366', '2024-04-07 22:32:45', '7974350828156', 2),
    ('YRJHES1153092366', '2024-04-07 22:32:45', '3681023244641', 2),
    ('YRJHES1153092366', '2024-04-07 22:32:45', '2318123561094', 1),
    ('QDRSAD0147962426', '2023-12-03 08:10:06', '3947293998229', 1),
    ('QDRSAD0147962426', '2023-12-03 08:10:06', '7162343375351', 2),
    ('ELURQK0948686229', '2024-02-04 08:29:24', '7523145104222', 2),
    ('ELURQK0948686229', '2024-02-04 08:29:24', '4503985572974', 1),
    ('ELURQK0948686229', '2024-02-04 08:29:24', '5929938684707', 2),
    ('MWKVBI1364400660', '2023-09-17 22:01:08', '6203751073682', 2),
    ('MWKVBI1364400660', '2023-09-17 22:01:08', '2428784294117', 1),
    ('MWKVBI1364400660', '2023-09-17 22:01:08', '6868600006922', 2),
    ('WKCWUY1551429022', '2023-11-29 08:53:58', '7531831425186', 2),
    ('WKCWUY1551429022', '2023-11-29 08:53:58', '8208728468273', 2),
    ('ZKZTPP6285684717', '2023-12-04 22:21:28', '3485466895206', 1),
    ('ZKZTPP6285684717', '2023-12-04 22:21:28', '4402463763581', 2),
    ('ZKZTPP6285684717', '2023-12-04 22:21:28', '1463355629631', 1),
    ('ZKZTPP6285684717', '2023-12-04 22:21:28', '6821612792016', 2),
    ('YRJHES1153092366', '2024-04-29 19:25:44', '6494946166387', 2),
    ('YRJHES1153092366', '2024-04-29 19:25:44', '4233596323838', 2),
    ('YRJHES1153092366', '2024-04-29 19:25:44', '5956304622161', 2),
    ('YRJHES1153092366', '2024-04-29 19:25:44', '1455352400761', 1),
    ('GNBKQP2042383427', '2024-04-09 01:30:39', '6480662345775', 2),
    ('GNBKQP2042383427', '2024-04-09 01:30:39', '7531831425186', 1),
    ('GNBKQP2042383427', '2024-04-09 01:30:39', '1512202260968', 2),
    ('GNBKQP2042383427', '2024-04-09 01:30:39', '6186682202989', 1),
    ('JAFKKJ2576724910', '2023-12-15 11:56:48', '2529301549008', 1),
    ('JAFKKJ2576724910', '2023-12-15 11:56:48', '6103421603871', 2),
    ('JAFKKJ2576724910', '2023-12-15 11:56:48', '9972432019843', 2),
    ('NHPUWM0043341255', '2023-06-29 11:11:35', '6868600006922', 2),
    ('NHPUWM0043341255', '2023-06-29 11:11:35', '5227784941331', 1),
    ('NHPUWM0043341255', '2023-06-29 11:11:35', '2599145934221', 2),
    ('GXFWOW4423456628', '2023-08-25 02:05:26', '8207991801028', 2),
    ('GXFWOW4423456628', '2023-08-25 02:05:26', '8208728468273', 1),
    ('GXFWOW4423456628', '2023-08-25 02:05:26', '5516208416776', 2),
    ('GXFWOW4423456628', '2023-08-25 02:05:26', '4511526153831', 1),
    ('DLGQPE8032635046', '2023-09-27 12:16:00', '1075929297291', 1),
    ('DLGQPE8032635046', '2023-09-27 12:16:00', '7343852461512', 2),
    ('TOCGQQ3800262961', '2024-02-15 22:34:31', '4275559660828', 1),
    ('TOCGQQ3800262961', '2024-02-15 22:34:31', '5808539288722', 1),
    ('TOCGQQ3800262961', '2024-02-15 22:34:31', '3670188988194', 1),
    ('LVLARE6664531769', '2024-01-15 10:27:20', '3548650501257', 1),
    ('RWKGNR2258795426', '2023-07-15 14:07:11', '4716421833189', 2),
    ('RWKGNR2258795426', '2023-07-15 14:07:11', '8901083264330', 1),
    ('EGVIMP6191484504', '2023-09-29 12:23:39', '2500968510320', 1),
    ('EGVIMP6191484504', '2023-09-29 12:23:39', '2862579001033', 2),
    ('EGVIMP6191484504', '2023-09-29 12:23:39', '4402463763581', 1),
    ('EGVIMP6191484504', '2023-09-29 12:23:39', '3771005877165', 2),
    ('BAWBPC0834017414', '2023-11-15 13:58:19', '5917058737597', 2),
    ('BAWBPC0834017414', '2023-11-15 13:58:19', '9850639130001', 2),
    ('BAWBPC0834017414', '2023-11-15 13:58:19', '5302256930984', 2),
    ('CIAKJK1621776077', '2023-09-14 22:53:54', '3732941060064', 2),
    ('CIAKJK1621776077', '2023-09-14 22:53:54', '5689055823103', 1),
    ('CIAKJK1621776077', '2023-09-14 22:53:54', '8591359996955', 1),
    ('CQOKYM6017935790', '2024-02-23 00:05:18', '7380864767539', 2),
    ('MBHBQM2440077964', '2023-11-06 06:56:27', '2908717757667', 2),
    ('MBHBQM2440077964', '2023-11-06 06:56:27', '6683288999892', 1),
    ('MBHBQM2440077964', '2023-11-06 06:56:27', '5068250932117', 2),
    ('MWKVBI1364400660', '2023-10-26 05:03:33', '7380864767539', 1),
    ('XJAXAD0454612840', '2023-12-26 12:01:08', '9088124201643', 1),
    ('TOCGQQ3800262961', '2023-06-11 09:55:26', '6991988792956', 1),
    ('ULOGAF8887534060', '2023-08-01 16:14:54', '7976366267458', 2),
    ('ULOGAF8887534060', '2023-08-01 16:14:54', '7789670443852', 1),
    ('ULOGAF8887534060', '2023-08-01 16:14:54', '6847041149340', 1),
    ('HKYUYK0006787974', '2023-10-21 00:57:12', '2434594140119', 1),
    ('HKYUYK0006787974', '2023-10-21 00:57:12', '4000104952544', 1),
    ('NHBBEY7936343738', '2023-06-30 06:02:01', '6756341263709', 1),
    ('VNREDZ6914912705', '2023-08-03 03:24:32', '1864866988442', 1),
    ('VNREDZ6914912705', '2023-08-03 03:24:32', '3958421919129', 2),
    ('VNREDZ6914912705', '2023-08-03 03:24:32', '2247161198705', 2),
    ('BZIHME1099385810', '2023-08-05 10:50:34', '1709037340759', 2),
    ('BZIHME1099385810', '2023-08-05 10:50:34', '5218503570139', 2),
    ('BZIHME1099385810', '2023-08-05 10:50:34', '8814312683048', 1),
    ('NNSBFM4944875657', '2023-07-31 11:03:35', '2500968510320', 1),
    ('NNSBFM4944875657', '2023-07-31 11:03:35', '4859627430715', 1),
    ('NNSBFM4944875657', '2023-07-31 11:03:35', '3288007994017', 2),
    ('NNSBFM4944875657', '2023-07-31 11:03:35', '1301187694886', 1),
    ('CTEYHZ2765626787', '2023-08-30 12:10:47', '4793032080843', 1),
    ('CTEYHZ2765626787', '2023-08-30 12:10:47', '5151707821730', 2),
    ('CTEYHZ2765626787', '2023-08-30 12:10:47', '8266571161642', 1),
    ('CTEYHZ2765626787', '2023-08-30 12:10:47', '7057862751747', 2),
    ('DJESXH3259221292', '2023-07-03 16:44:06', '3771486032746', 1),
    ('DJESXH3259221292', '2023-07-03 16:44:06', '2099192180584', 1),
    ('DJESXH3259221292', '2023-07-03 16:44:06', '3143291611307', 1),
    ('NHPUWM0043341255', '2024-02-06 22:00:47', '3339415542601', 2),
    ('NHPUWM0043341255', '2024-02-06 22:00:47', '8814312683048', 2),
    ('ZJABEI6593516808', '2024-04-25 03:57:16', '7280552546902', 2),
    ('BYIYVL8064772004', '2024-04-23 13:57:50', '9722979623279', 2),
    ('BYIYVL8064772004', '2024-04-23 13:57:50', '6763488537677', 2),
    ('BYIYVL8064772004', '2024-04-23 13:57:50', '8090515292511', 1),
    ('BYIYVL8064772004', '2024-04-23 13:57:50', '1254692904621', 2),
    ('BAWBPC0834017414', '2023-07-14 17:46:13', '8763073019330', 2),
    ('BAWBPC0834017414', '2023-07-14 17:46:13', '8123494514847', 1),
    ('EREXAM6327471653', '2023-05-31 23:59:06', '3900964791431', 2),
    ('EREXAM6327471653', '2023-05-31 23:59:06', '4267846908030', 1),
    ('EREXAM6327471653', '2023-05-31 23:59:06', '3548650501257', 1),
    ('EREXAM6327471653', '2023-05-31 23:59:06', '3464870949193', 1),
    ('CIAKJK1621776077', '2023-11-06 22:24:31', '5808539288722', 2),
    ('CIAKJK1621776077', '2023-11-06 22:24:31', '1154104060576', 2),
    ('CQOKYM6017935790', '2024-05-06 15:36:09', '1877289185224', 1),
    ('CQOKYM6017935790', '2024-05-06 15:36:09', '1062675576896', 1),
    ('CQOKYM6017935790', '2024-05-06 15:36:09', '4749915496040', 2),
    ('FMZBVL2186171140', '2024-01-13 09:38:11', '1864866988442', 1),
    ('FMZBVL2186171140', '2024-01-13 09:38:11', '1063121437289', 1),
    ('FMZBVL2186171140', '2024-01-13 09:38:11', '4348833305271', 1),
    ('TJFMHL9028834804', '2024-01-12 09:42:22', '5557278791203', 2),
    ('TJFMHL9028834804', '2024-01-12 09:42:22', '8169029347142', 2),
    ('TJFMHL9028834804', '2024-01-12 09:42:22', '4944132019531', 1),
    ('TJFMHL9028834804', '2024-01-12 09:42:22', '4987439256353', 1),
    ('JZNPPX8632426802', '2023-06-24 04:51:12', '2500968510320', 2),
    ('JZNPPX8632426802', '2023-06-24 04:51:12', '5405729915697', 1),
    ('JZNPPX8632426802', '2023-06-24 04:51:12', '3940494668414', 2),
    ('JZNPPX8632426802', '2023-06-24 04:51:12', '2599145934221', 2),
    ('XWAPVV3930706477', '2023-10-28 07:14:38', '7267634080638', 1),
    ('XWAPVV3930706477', '2023-10-28 07:14:38', '1634270243584', 2),
    ('XWAPVV3930706477', '2023-10-28 07:14:38', '2309803165745', 1),
    ('KRINSD5171506701', '2023-08-12 17:08:26', '6720835592360', 1),
    ('KRINSD5171506701', '2023-08-12 17:08:26', '8372641497489', 2),
    ('GHWHVG3008498779', '2024-03-13 11:49:39', '2972562034159', 2),
    ('GHWHVG3008498779', '2024-03-13 11:49:39', '4523747082382', 2),
    ('GHWHVG3008498779', '2024-03-13 11:49:39', '6936025667050', 2),
    ('GHWHVG3008498779', '2024-03-13 11:49:39', '5502289795362', 2),
    ('MXBZBV2926963990', '2024-02-12 23:00:23', '9090211432321', 1),
    ('MXBZBV2926963990', '2024-02-12 23:00:23', '9221662537627', 1),
    ('MXBZBV2926963990', '2024-02-12 23:00:23', '7698043905422', 1),
    ('MXBZBV2926963990', '2024-02-12 23:00:23', '8825441095650', 1),
    ('JYODGB1569104423', '2024-02-03 09:43:26', '8484648510743', 1),
    ('JYODGB1569104423', '2024-02-03 09:43:26', '6756341263709', 1),
    ('DJESXH3259221292', '2024-04-01 19:01:08', '2217048278910', 1),
    ('DJESXH3259221292', '2024-04-01 19:01:08', '6264260324383', 2),
    ('DJESXH3259221292', '2024-04-01 19:01:08', '3670188988194', 1),
    ('VEYFPR5428021930', '2023-08-13 13:34:46', '3485466895206', 1),
    ('ICGLTA8283082328', '2023-09-28 08:56:07', '2055988534622', 1),
    ('ICGLTA8283082328', '2023-09-28 08:56:07', '1928494585426', 1),
    ('ICGLTA8283082328', '2023-09-28 08:56:07', '1787832835311', 2),
    ('ICGLTA8283082328', '2023-09-28 08:56:07', '9716068609158', 2),
    ('WKCWUY1551429022', '2024-04-19 14:15:06', '4096698275305', 2),
    ('WKCWUY1551429022', '2024-04-19 14:15:06', '5929938684707', 2),
    ('WKCWUY1551429022', '2024-04-19 14:15:06', '9933968778451', 2),
    ('WKCWUY1551429022', '2024-04-19 14:15:06', '2529301549008', 1),
    ('WIFAXU3670994280', '2023-08-09 09:32:34', '1709037340759', 2),
    ('WIFAXU3670994280', '2023-08-09 09:32:34', '2736329751620', 1),
    ('JAFKKJ2576724910', '2023-06-03 23:37:14', '4087961784002', 2),
    ('JAFKKJ2576724910', '2023-06-03 23:37:14', '3612076576341', 1),
    ('JAFKKJ2576724910', '2023-06-03 23:37:14', '4246830011486', 2),
    ('JAFKKJ2576724910', '2023-06-03 23:37:14', '1015509544311', 1),
    ('ADIROB9151248103', '2023-06-26 14:41:27', '3339415542601', 2),
    ('ADIROB9151248103', '2023-06-26 14:41:27', '7708431264926', 2),
    ('OTWBEK7592336229', '2023-11-13 12:00:20', '6494946166387', 2),
    ('OTWBEK7592336229', '2023-11-13 12:00:20', '6261203553123', 2),
    ('OTWBEK7592336229', '2023-11-13 12:00:20', '5424076190672', 1),
    ('OTWBEK7592336229', '2023-11-13 12:00:20', '6991988792956', 1),
    ('MDFWNZ1097830313', '2024-01-15 20:21:14', '5516208416776', 2),
    ('MDFWNZ1097830313', '2024-01-15 20:21:14', '8917339139041', 2),
    ('WIOOJC1353794577', '2023-06-28 16:03:46', '2434594140119', 2),
    ('ICGLTA8283082328', '2024-03-15 06:23:28', '1301187694886', 1),
    ('ZKZVGA5003925448', '2024-01-01 16:27:58', '4096698275305', 2),
    ('ZKZVGA5003925448', '2024-01-01 16:27:58', '3618165373013', 2),
    ('NPEKDS3776433285', '2024-02-13 12:53:48', '3084215337102', 1),
    ('NNSBFM4944875657', '2023-12-11 22:24:20', '5323367025716', 1),
    ('KRBUMC6972238452', '2023-10-07 11:59:55', '6650983587617', 1),
    ('KRBUMC6972238452', '2023-10-07 11:59:55', '4865130870104', 2),
    ('KRBUMC6972238452', '2023-10-07 11:59:55', '2309803165745', 1),
    ('KRBUMC6972238452', '2023-10-07 11:59:55', '2247161198705', 2),
    ('XJAXAD0454612840', '2023-05-25 04:43:16', '3464870949193', 2),
    ('XJAXAD0454612840', '2023-05-25 04:43:16', '6330191197988', 2),
    ('XJAXAD0454612840', '2023-05-25 04:43:16', '5302256930984', 1),
    ('XJAXAD0454612840', '2023-05-25 04:43:16', '7214625584899', 2),
    ('JAFKKJ2576724910', '2023-05-27 18:25:32', '9161198825027', 2),
    ('JAFKKJ2576724910', '2023-05-27 18:25:32', '5112253043671', 2),
    ('JAFKKJ2576724910', '2023-05-27 18:25:32', '1455936008935', 2),
    ('XRYWMT8290905527', '2023-08-24 08:43:50', '3771486032746', 2),
    ('XRYWMT8290905527', '2023-08-24 08:43:50', '3485466895206', 1),
    ('XRYWMT8290905527', '2023-08-24 08:43:50', '5021231727153', 2),
    ('XRYWMT8290905527', '2023-08-24 08:43:50', '8689107797956', 2),
    ('VNREDZ6914912705', '2024-05-09 19:29:54', '9768077584329', 1),
    ('VNREDZ6914912705', '2024-05-09 19:29:54', '5424076190672', 2),
    ('QAQMPZ0597242222', '2023-07-25 19:18:23', '1190733562895', 1),
    ('FUFRYC7420290261', '2024-04-18 18:52:00', '7864691624448', 2),
    ('NLPNMU1824897616', '2023-08-05 01:06:29', '5409718046547', 1),
    ('NLPNMU1824897616', '2023-08-05 01:06:29', '5848299929037', 2),
    ('ADIROB9151248103', '2023-11-30 13:37:39', '2621942161547', 1),
    ('ADIROB9151248103', '2023-11-30 13:37:39', '5929938684707', 1),
    ('NPEKDS3776433285', '2023-09-16 20:00:37', '7645092337292', 1),
    ('NPEKDS3776433285', '2023-09-16 20:00:37', '4402463763581', 2),
    ('NPEKDS3776433285', '2023-09-16 20:00:37', '7971444743441', 2),
    ('CQOKYM6017935790', '2024-03-09 07:24:37', '9401050546092', 2),
    ('CQOKYM6017935790', '2024-03-09 07:24:37', '5963778025632', 1),
    ('CQOKYM6017935790', '2024-03-09 07:24:37', '3333847097112', 2),
    ('CQOKYM6017935790', '2024-03-09 07:24:37', '4786170273507', 2),
    ('MWKVBI1364400660', '2024-05-17 04:09:12', '6056810143028', 1),
    ('MWKVBI1364400660', '2024-05-17 04:09:12', '8842473780641', 1),
    ('MWKVBI1364400660', '2024-05-17 04:09:12', '1891257372866', 2),
    ('MWKVBI1364400660', '2024-05-17 04:09:12', '1455936008935', 2),
    ('HKYUYK0006787974', '2023-07-14 08:34:15', '6498337905320', 1),
    ('HKYUYK0006787974', '2023-07-14 08:34:15', '1864866988442', 1),
    ('HKYUYK0006787974', '2023-07-14 08:34:15', '3784013735488', 1),
    ('JAFKKJ2576724910', '2023-11-01 04:32:59', '2599145934221', 2),
    ('AHMTTN1710228738', '2023-09-10 22:45:28', '1526104336139', 1),
    ('SAYOLZ9547981866', '2023-12-11 21:47:47', '3784013735488', 2),
    ('SAYOLZ9547981866', '2023-12-11 21:47:47', '6756341263709', 1),
    ('CIAKJK1621776077', '2023-10-09 08:59:03', '3983367922537', 1),
    ('CIAKJK1621776077', '2023-10-09 08:59:03', '8268055316591', 2),
    ('OTWBEK7592336229', '2024-01-09 21:01:03', '4661523682870', 2),
    ('UAFKDS5028423956', '2024-03-15 05:00:34', '7708755662269', 1),
    ('BDYRUG5915490857', '2023-11-26 22:03:37', '9500225539197', 1),
    ('BDYRUG5915490857', '2023-11-26 22:03:37', '2309803165745', 1),
    ('BDYRUG5915490857', '2023-11-26 22:03:37', '9345848241133', 2),
    ('BDYRUG5915490857', '2023-11-26 22:03:37', '6129435742938', 1),
    ('CZVBYW7951063814', '2024-04-04 02:58:31', '2373012391029', 1),
    ('CZVBYW7951063814', '2024-04-04 02:58:31', '5569054219947', 1),
    ('CZVBYW7951063814', '2024-04-04 02:58:31', '1063121437289', 1),
    ('MDFWNZ1097830313', '2023-12-31 03:26:59', '3121511152585', 1),
    ('MDFWNZ1097830313', '2023-12-31 03:26:59', '6103421603871', 1),
    ('MDFWNZ1097830313', '2023-12-31 03:26:59', '1247511049020', 1),
    ('MDFWNZ1097830313', '2023-12-31 03:26:59', '5683733494374', 2),
    ('NJOSHI9243354099', '2024-02-26 11:49:46', '8534374430515', 1),
    ('NJOSHI9243354099', '2024-02-26 11:49:46', '9455213301062', 1),
    ('NJOSHI9243354099', '2024-02-26 11:49:46', '9968705456961', 2),
    ('NCROOI2910185423', '2024-03-16 10:09:32', '3315228074591', 1),
    ('EVYUZL5185052905', '2024-01-18 00:40:05', '5502864251960', 1),
    ('EVYUZL5185052905', '2024-01-18 00:40:05', '1977493656379', 1),
    ('EVYUZL5185052905', '2024-01-18 00:40:05', '3653004225426', 1),
    ('EVYUZL5185052905', '2024-01-18 00:40:05', '8901083264330', 1),
    ('PEKIYX0409921090', '2024-04-06 16:47:08', '8996080659924', 2),
    ('EREXAM6327471653', '2023-10-07 09:47:16', '6495530044775', 2),
    ('KASUGJ6040259126', '2023-05-30 14:35:26', '2118753817695', 1),
    ('MXBZBV2926963990', '2023-09-13 08:36:28', '6847041149340', 1),
    ('MDFWNZ1097830313', '2024-02-20 17:58:10', '8846481393763', 2),
    ('MDFWNZ1097830313', '2024-02-20 17:58:10', '2684621460027', 2),
    ('MDFWNZ1097830313', '2024-02-20 17:58:10', '5612152018533', 2),
    ('TOCGQQ3800262961', '2023-12-04 07:15:08', '2434594140119', 1),
    ('CIAKJK1621776077', '2024-01-27 01:37:36', '9301543359209', 1),
    ('CIAKJK1621776077', '2024-01-27 01:37:36', '7606672795967', 2),
    ('CQOKYM6017935790', '2024-05-08 13:56:24', '4859627430715', 2),
    ('CQOKYM6017935790', '2024-05-08 13:56:24', '6940858746122', 1),
    ('CQOKYM6017935790', '2024-05-08 13:56:24', '2985786441977', 1),
    ('CQOKYM6017935790', '2024-05-08 13:56:24', '7263227813393', 1),
    ('UAFKDS5028423956', '2023-07-13 01:29:58', '5929938684707', 1),
    ('UAFKDS5028423956', '2023-07-13 01:29:58', '6500970637799', 2),
    ('UAFKDS5028423956', '2023-07-13 01:29:58', '8294524667041', 1),
    ('LICUYS7804960098', '2023-12-22 15:28:51', '4144210926547', 2),
    ('LICUYS7804960098', '2023-12-22 15:28:51', '2616934277643', 2),
    ('LICUYS7804960098', '2023-12-22 15:28:51', '5552224936786', 2),
    ('LICUYS7804960098', '2023-12-22 15:28:51', '9057161289300', 2),
    ('BDYRUG5915490857', '2024-01-28 00:05:17', '1902273684084', 1),
    ('BDYRUG5915490857', '2024-01-28 00:05:17', '7113001276148', 1),
    ('FUFRYC7420290261', '2023-09-27 08:57:55', '9161198825027', 2),
    ('FOGLVK7835472296', '2023-08-03 21:38:34', '9958793340097', 1),
    ('FOGLVK7835472296', '2023-08-03 21:38:34', '8294524667041', 2),
    ('FOGLVK7835472296', '2023-08-03 21:38:34', '7343852461512', 2),
    ('FOGLVK7835472296', '2023-08-03 21:38:34', '5830098722582', 1),
    ('RMOMEZ8756582397', '2024-01-14 06:00:55', '5569054219947', 1),
    ('RMOMEZ8756582397', '2024-01-14 06:00:55', '4828141846787', 2),
    ('RMOMEZ8756582397', '2024-01-14 06:00:55', '2768733250807', 1),
    ('RMOMEZ8756582397', '2024-01-14 06:00:55', '6144355670466', 1),
    ('RSRYMF5579904757', '2023-07-24 05:52:19', '5917058737597', 2),
    ('RSRYMF5579904757', '2023-07-24 05:52:19', '4456623071036', 1),
    ('RSRYMF5579904757', '2023-07-24 05:52:19', '1634270243584', 1),
    ('INXCTR6415117164', '2024-03-24 12:29:41', '1651168907114', 1),
    ('INXCTR6415117164', '2024-03-24 12:29:41', '8294524667041', 2),
    ('INXCTR6415117164', '2024-03-24 12:29:41', '8575905108779', 2),
    ('BVNTAJ1316513450', '2023-09-15 21:01:50', '3187423834262', 1),
    ('BVNTAJ1316513450', '2023-09-15 21:01:50', '3310983915256', 2),
    ('ICGLTA8283082328', '2023-09-03 04:39:17', '1513967900830', 2),
    ('ICGLTA8283082328', '2023-09-03 04:39:17', '4308069686075', 2),
    ('KFFPMP8373118548', '2023-07-11 06:50:03', '3404367435428', 1),
    ('KFFPMP8373118548', '2023-07-11 06:50:03', '4142990536444', 1),
    ('KFFPMP8373118548', '2023-07-11 06:50:03', '8814312683048', 2),
    ('BVNTAJ1316513450', '2024-04-15 23:48:47', '3104401643044', 1),
    ('NCROOI2910185423', '2023-08-03 22:36:53', '5612152018533', 1),
    ('WYVUBN4704788198', '2023-10-22 17:28:33', '2655281188803', 2),
    ('WYVUBN4704788198', '2023-10-22 17:28:33', '4478354872591', 1),
    ('WYVUBN4704788198', '2023-10-22 17:28:33', '4669516803488', 1),
    ('NPEKDS3776433285', '2023-11-25 15:31:14', '3681023244641', 1),
    ('NPEKDS3776433285', '2023-11-25 15:31:14', '7348295966139', 1),
    ('NPEKDS3776433285', '2023-11-25 15:31:14', '2055988534622', 1),
    ('LVLARE6664531769', '2023-11-30 09:16:38', '8088332305837', 1),
    ('LVLARE6664531769', '2023-11-30 09:16:38', '3261018276327', 1),
    ('JZNPPX8632426802', '2024-03-01 20:35:48', '4193126493215', 1),
    ('JZNPPX8632426802', '2024-03-01 20:35:48', '8763073019330', 1),
    ('ZJABEI6593516808', '2023-07-31 07:07:41', '6285774810093', 1),
    ('ZJABEI6593516808', '2023-07-31 07:07:41', '9580012940034', 2),
    ('ZJABEI6593516808', '2023-07-31 07:07:41', '8395977453528', 2),
    ('HUOPCR6848227663', '2023-12-10 23:41:42', '6330191197988', 1),
    ('GNBKQP2042383427', '2023-10-21 22:51:46', '2493073896888', 1),
    ('GNBKQP2042383427', '2023-10-21 22:51:46', '8680429781735', 1),
    ('GNBKQP2042383427', '2023-10-21 22:51:46', '6756341263709', 2),
    ('WWHPXK8122987654', '2024-05-17 09:02:46', '6261203553123', 2),
    ('WWHPXK8122987654', '2024-05-17 09:02:46', '3771486032746', 1),
    ('WWHPXK8122987654', '2024-05-17 09:02:46', '7052452078705', 2),
    ('WWHPXK8122987654', '2024-05-17 09:02:46', '1303950038367', 1),
    ('XWAPVV3930706477', '2023-07-25 03:18:14', '2247161198705', 2),
    ('XWAPVV3930706477', '2023-07-25 03:18:14', '6717612743042', 1),
    ('XWAPVV3930706477', '2023-10-29 08:13:20', '6250780510198', 1),
    ('XWAPVV3930706477', '2023-10-29 08:13:20', '6717612743042', 2),
    ('XWAPVV3930706477', '2023-10-29 08:13:20', '1733990930012', 2),
    ('XWAPVV3930706477', '2023-10-29 08:13:20', '4883430611060', 1),
    ('UAFKDS5028423956', '2023-09-21 00:00:53', '7641936148630', 2),
    ('UAFKDS5028423956', '2023-09-21 00:00:53', '6924235960519', 1),
    ('UAFKDS5028423956', '2023-09-21 00:00:53', '8898959212164', 1),
    ('UAFKDS5028423956', '2023-09-21 00:00:53', '5848299929037', 1),
    ('VNREDZ6914912705', '2023-11-17 03:36:12', '5323367025716', 2),
    ('VNREDZ6914912705', '2023-11-17 03:36:12', '2561800180158', 1),
    ('VNREDZ6914912705', '2023-11-17 03:36:12', '1709037340759', 1),
    ('VNREDZ6914912705', '2023-11-17 03:36:12', '7208725947681', 2),
    ('SAYOLZ9547981866', '2023-11-30 07:18:58', '1424872448379', 2),
    ('SAYOLZ9547981866', '2023-11-30 07:18:58', '7659430771263', 2),
    ('TASPPM5831168102', '2023-05-31 09:19:23', '3581373271843', 2),
    ('TASPPM5831168102', '2023-05-31 09:19:23', '3952060948959', 2),
    ('TASPPM5831168102', '2023-05-31 09:19:23', '2216709567102', 2),
    ('TASPPM5831168102', '2023-05-31 09:19:23', '3678225717207', 2),
    ('AHMTTN1710228738', '2023-05-23 02:56:55', '5425407382434', 2),
    ('AHMTTN1710228738', '2023-05-23 02:56:55', '6494946166387', 1),
    ('AHMTTN1710228738', '2023-05-23 02:56:55', '3064444022873', 1),
    ('DLHPLA9919037109', '2023-10-06 18:34:11', '3333847097112', 1),
    ('DLHPLA9919037109', '2023-10-06 18:34:11', '5425407382434', 1),
    ('DLHPLA9919037109', '2023-10-06 18:34:11', '8825441095650', 1),
    ('RSXXEZ2572660446', '2023-10-20 17:00:33', '8701802785378', 1),
    ('RSXXEZ2572660446', '2023-10-20 17:00:33', '7645288239043', 1),
    ('RSXXEZ2572660446', '2023-10-20 17:00:33', '6498337905320', 2),
    ('RSXXEZ2572660446', '2023-10-20 17:00:33', '2985786441977', 1),
    ('BZIHME1099385810', '2024-04-21 12:14:03', '7113001276148', 1),
    ('BZIHME1099385810', '2024-04-21 12:14:03', '4859627430715', 1),
    ('BZIHME1099385810', '2024-04-21 12:14:03', '1513967900830', 2),
    ('FUFRYC7420290261', '2023-08-12 20:51:46', '1526104336139', 2),
    ('FUFRYC7420290261', '2023-08-12 20:51:46', '8814312683048', 2),
    ('FUFRYC7420290261', '2023-08-12 20:51:46', '6146004923031', 2),
    ('FUFRYC7420290261', '2023-08-12 20:51:46', '9404747719126', 2),
    ('WIOOJC1353794577', '2023-08-17 10:06:13', '4105457156630', 2),
    ('WIOOJC1353794577', '2023-08-17 10:06:13', '2804030853161', 1),
    ('WIOOJC1353794577', '2023-08-17 10:06:13', '5068250932117', 1),
    ('WIOOJC1353794577', '2023-08-17 10:06:13', '1787832835311', 2),
    ('SAYOLZ9547981866', '2023-09-26 15:36:41', '7253871107463', 2),
    ('SAYOLZ9547981866', '2023-09-26 15:36:41', '4010588138980', 2),
    ('SAYOLZ9547981866', '2023-09-26 15:36:41', '6493472587410', 1),
    ('WKCWUY1551429022', '2023-07-09 19:26:53', '3020922937629', 2),
    ('WKCWUY1551429022', '2023-07-09 19:26:53', '7155852436571', 2),
    ('LXOFFN3057255452', '2023-07-22 18:18:44', '1504309247850', 2),
    ('LXOFFN3057255452', '2023-07-22 18:18:44', '9301543359209', 1),
    ('LXOFFN3057255452', '2023-07-22 18:18:44', '4146445958329', 1),
    ('HKYUYK0006787974', '2023-07-19 02:31:34', '6498337905320', 2),
    ('HKYUYK0006787974', '2023-07-19 02:31:34', '5028979401530', 1),
    ('FIYYRA9619515330', '2023-09-03 02:14:49', '2468019126021', 2),
    ('FIYYRA9619515330', '2023-09-03 02:14:49', '4859627430715', 2),
    ('VNREDZ6914912705', '2023-07-10 08:55:50', '2217048278910', 1),
    ('VNREDZ6914912705', '2023-07-10 08:55:50', '8917339139041', 1),
    ('VNREDZ6914912705', '2023-07-10 08:55:50', '6746509961055', 2),
    ('VXJPLA7688813453', '2024-01-26 12:00:42', '6285774810093', 2),
    ('JZNPPX8632426802', '2023-09-20 08:32:44', '3562345455768', 1),
    ('FUFRYC7420290261', '2024-03-01 18:50:27', '3895458530363', 1),
    ('XWAPVV3930706477', '2024-02-06 15:16:59', '3812088079833', 2),
    ('XWAPVV3930706477', '2024-02-06 15:16:59', '1297063070594', 1),
    ('GXFWOW4423456628', '2023-09-03 17:28:17', '8898959212164', 1),
    ('GXFWOW4423456628', '2023-09-03 17:28:17', '5366908066832', 1),
    ('GXFWOW4423456628', '2023-09-03 17:28:17', '1426624056804', 1),
    ('GXFWOW4423456628', '2024-04-18 15:34:06', '6454626807548', 2),
    ('GXFWOW4423456628', '2024-04-18 15:34:06', '3983367922537', 1),
    ('GXFWOW4423456628', '2024-04-18 15:34:06', '8581261964559', 1),
    ('TVCNOO0421787090', '2023-11-15 00:36:05', '4000104952544', 1),
    ('TVCNOO0421787090', '2023-11-15 00:36:05', '2500968510320', 1),
    ('TVCNOO0421787090', '2023-11-15 00:36:05', '9957391117886', 1),
    ('GHWHVG3008498779', '2023-11-19 09:10:36', '3784013735488', 1),
    ('AHMTTN1710228738', '2024-02-09 12:38:15', '2226901444059', 1),
    ('AHMTTN1710228738', '2024-02-09 12:38:15', '4661523682870', 2),
    ('AHMTTN1710228738', '2024-02-09 12:38:15', '2428784294117', 2),
    ('GHWHVG3008498779', '2023-10-10 14:23:19', '7864691624448', 2),
    ('XWAPVV3930706477', '2023-07-12 16:10:43', '7758224685687', 2),
    ('XWAPVV3930706477', '2023-07-12 16:10:43', '9968705456961', 2),
    ('TJFMHL9028834804', '2023-12-16 16:46:59', '1891257372866', 1),
    ('TJFMHL9028834804', '2023-12-16 16:46:59', '8680429781735', 1),
    ('TJFMHL9028834804', '2023-12-16 16:46:59', '6045789053623', 1),
    ('VEYFPR5428021930', '2024-03-27 00:29:16', '1880246849920', 2),
    ('VEYFPR5428021930', '2024-03-27 00:29:16', '1262314162307', 2),
    ('VPZRYR5745340687', '2024-02-06 13:06:53', '8278649964460', 2),
    ('VPZRYR5745340687', '2024-02-06 13:06:53', '8395977453528', 1),
    ('CCSSFI2566543120', '2024-03-31 16:14:02', '1301187694886', 2),
    ('CCSSFI2566543120', '2024-03-31 16:14:02', '9264497185752', 1),
    ('LVLARE6664531769', '2023-12-30 19:12:04', '5425407382434', 2),
    ('MDFWNZ1097830313', '2024-03-03 11:55:08', '3670188988194', 1),
    ('FIYYRA9619515330', '2023-11-25 19:15:10', '1303950038367', 2),
    ('FIYYRA9619515330', '2023-11-25 19:15:10', '1733990930012', 1),
    ('MDFWNZ1097830313', '2024-03-05 10:37:06', '6338380481655', 2),
    ('MDFWNZ1097830313', '2024-03-05 10:37:06', '4021618285601', 1),
    ('MDFWNZ1097830313', '2024-03-05 10:37:06', '9957391117886', 2),
    ('MDFWNZ1097830313', '2024-03-05 10:37:06', '8330561081724', 2),
    ('FMLPKY5929326331', '2023-06-22 17:51:48', '5502289795362', 1),
    ('FMLPKY5929326331', '2023-06-22 17:51:48', '3682886040228', 1),
    ('FMLPKY5929326331', '2023-06-22 17:51:48', '2561800180158', 1),
    ('FMLPKY5929326331', '2023-06-22 17:51:48', '5702440681723', 2),
    ('NJOSHI9243354099', '2023-12-05 15:18:08', '3940494668414', 2),
    ('NJOSHI9243354099', '2023-12-05 15:18:08', '3037346525910', 1),
    ('NJOSHI9243354099', '2023-12-05 15:18:08', '8812699047580', 1),
    ('AHMTTN1710228738', '2023-08-31 16:29:46', '6146004923031', 1),
    ('AHMTTN1710228738', '2023-08-31 16:29:46', '5557278791203', 2),
    ('KRINSD5171506701', '2023-10-11 16:42:54', '5860291953087', 1),
    ('KRINSD5171506701', '2023-10-11 16:42:54', '1463355629631', 2),
    ('KRINSD5171506701', '2023-10-11 16:42:54', '1707674852576', 1),
    ('KRINSD5171506701', '2023-10-11 16:42:54', '3180671815127', 2),
    ('EGVIMP6191484504', '2024-01-05 02:50:33', '9933968778451', 2),
    ('NHBBEY7936343738', '2024-05-16 18:23:43', '3540697843096', 1),
    ('NHBBEY7936343738', '2024-05-16 18:23:43', '7052452078705', 2),
    ('NHBBEY7936343738', '2024-05-16 18:23:43', '5874569816388', 1),
    ('NHBBEY7936343738', '2024-05-16 18:23:43', '4096698275305', 1),
    ('TPJKVX4767951247', '2023-10-05 23:35:44', '3870526544078', 1),
    ('TPJKVX4767951247', '2023-10-05 23:35:44', '1513967900830', 2),
    ('TPJKVX4767951247', '2023-10-05 23:35:44', '6285774810093', 1),
    ('TPJKVX4767951247', '2023-10-05 23:35:44', '5363279064844', 2),
    ('BAWBPC0834017414', '2024-04-08 01:39:03', '4917186265037', 2),
    ('BAWBPC0834017414', '2024-04-08 01:39:03', '3895458530363', 2),
    ('QDRSAD0147962426', '2023-10-29 07:35:59', '3464870949193', 2),
    ('QDRSAD0147962426', '2023-10-29 07:35:59', '1963759630170', 1),
    ('QDRSAD0147962426', '2023-10-29 07:35:59', '2099192180584', 2),
    ('QDRSAD0147962426', '2023-10-29 07:35:59', '1079661088798', 1),
    ('NHPUWM0043341255', '2023-08-05 03:54:19', '2996118123342', 2),
    ('NHPUWM0043341255', '2023-08-05 03:54:19', '2410988461006', 2),
    ('NCROOI2910185423', '2023-08-12 04:50:16', '4181611758463', 2),
    ('NCROOI2910185423', '2023-08-12 04:50:16', '5943493798836', 2),
    ('NCROOI2910185423', '2023-08-12 04:50:16', '8842473780641', 1),
    ('XJAXAD0454612840', '2023-06-28 00:23:03', '5200796179013', 1),
    ('XJAXAD0454612840', '2023-06-28 00:23:03', '2166894540139', 1),
    ('XJAXAD0454612840', '2023-06-28 00:23:03', '8372641497489', 1),
    ('XJAXAD0454612840', '2023-06-28 00:23:03', '3339415542601', 2),
    ('VPZRYR5745340687', '2024-02-22 04:42:50', '1254692904621', 2),
    ('VPZRYR5745340687', '2024-02-22 04:42:50', '8090515292511', 1),
    ('VPZRYR5745340687', '2024-02-22 04:42:50', '2599145934221', 2),
    ('VPZRYR5745340687', '2024-02-22 04:42:50', '3627314475044', 1),
    ('WWHPXK8122987654', '2024-03-29 15:52:32', '2473389603325', 2),
    ('FGGKZI2527287238', '2024-05-14 03:41:06', '5929938684707', 2),
    ('FGGKZI2527287238', '2024-05-14 03:41:06', '3713929868439', 1),
    ('FGGKZI2527287238', '2024-05-14 03:41:06', '6924235960519', 2),
    ('RSRYMF5579904757', '2024-02-14 07:55:47', '4311988729471', 2),
    ('RSRYMF5579904757', '2024-02-14 07:55:47', '3499920382234', 2),
    ('RSRYMF5579904757', '2024-02-14 07:55:47', '4953728937603', 2),
    ('KRBUMC6972238452', '2023-12-22 14:50:42', '3682886040228', 1),
    ('NCROOI2910185423', '2023-10-13 23:13:09', '1325772573941', 1),
    ('NCROOI2910185423', '2023-10-13 23:13:09', '1615345132458', 1),
    ('NCROOI2910185423', '2023-10-13 23:13:09', '3274943162484', 1),
    ('NCROOI2910185423', '2023-10-13 23:13:09', '4661523682870', 2),
    ('ADIROB9151248103', '2023-08-13 18:45:39', '4511526153831', 2),
    ('NCROOI2910185423', '2024-03-21 19:15:48', '2247161198705', 2),
    ('LICUYS7804960098', '2023-06-23 07:01:29', '9401050546092', 2),
    ('LICUYS7804960098', '2023-06-23 07:01:29', '1093152441276', 1),
    ('DMPJGN0946433319', '2024-04-23 11:55:21', '4233596323838', 2),
    ('DMPJGN0946433319', '2024-04-23 11:55:21', '7021443627431', 1),
    ('DMPJGN0946433319', '2024-04-23 11:55:21', '7708431264926', 1),
    ('INXCTR6415117164', '2023-08-27 03:45:10', '5557278791203', 2),
    ('MXBZBV2926963990', '2023-06-16 19:29:46', '1400639252763', 2),
    ('MXBZBV2926963990', '2023-06-16 19:29:46', '8521895421102', 2),
    ('NPEKDS3776433285', '2024-01-21 04:45:12', '7708755662269', 2),
    ('NNSBFM4944875657', '2023-07-29 09:47:09', '1455352400761', 1),
    ('NNSBFM4944875657', '2023-07-29 09:47:09', '5164216520987', 2),
    ('NNSBFM4944875657', '2023-07-29 09:47:09', '1956739934662', 1),
    ('ZJABEI6593516808', '2023-06-26 18:43:16', '5151707821730', 1),
    ('ZJABEI6593516808', '2023-06-26 18:43:16', '7348295966139', 2),
    ('ZJABEI6593516808', '2023-06-26 18:43:16', '7900802275178', 2),
    ('ZJABEI6593516808', '2023-06-26 18:43:16', '5451978145267', 1),
    ('NPEKDS3776433285', '2023-10-23 08:35:45', '1400639252763', 2),
    ('NPEKDS3776433285', '2023-10-23 08:35:45', '1016152932678', 1),
    ('NPEKDS3776433285', '2023-10-23 08:35:45', '4193126493215', 1),
    ('NPEKDS3776433285', '2023-10-23 08:35:45', '6338380481655', 1),
    ('WIFAXU3670994280', '2023-07-05 11:48:30', '2616934277643', 2),
    ('NPEKDS3776433285', '2023-08-19 13:58:19', '1707674852576', 1),
    ('NPEKDS3776433285', '2023-08-19 13:58:19', '5937587966956', 2),
    ('NPEKDS3776433285', '2023-08-19 13:58:19', '3612076576341', 2),
    ('NPEKDS3776433285', '2023-08-19 13:58:19', '1690248005800', 2),
    ('TVCNOO0421787090', '2023-10-15 10:52:40', '4181611758463', 1),
    ('TVCNOO0421787090', '2023-10-15 10:52:40', '4246830011486', 1),
    ('WKCWUY1551429022', '2023-08-22 20:06:47', '6495530044775', 2),
    ('WKCWUY1551429022', '2023-08-22 20:06:47', '3485466895206', 1),
    ('BAWBPC0834017414', '2023-10-20 06:21:52', '6495530044775', 1),
    ('VPZRYR5745340687', '2024-01-18 00:40:43', '5363279064844', 1),
    ('WYVUBN4704788198', '2023-07-06 11:17:16', '3870526544078', 1),
    ('WYVUBN4704788198', '2023-07-06 11:17:16', '5451978145267', 2),
    ('WYVUBN4704788198', '2023-07-06 11:17:16', '5221103811432', 1),
    ('WYVUBN4704788198', '2023-07-06 11:17:16', '9090211432321', 2),
    ('XQYATI9735139485', '2023-05-23 15:45:23', '5831756503822', 1),
    ('XQYATI9735139485', '2023-05-23 15:45:23', '5727848331844', 1),
    ('XQYATI9735139485', '2023-05-23 15:45:23', '2621942161547', 1),
    ('CQOKYM6017935790', '2024-02-29 17:25:59', '4669516803488', 2),
    ('ZKZVGA5003925448', '2023-11-24 19:06:08', '5028979401530', 1),
    ('ZKZVGA5003925448', '2023-11-24 19:06:08', '1016152932678', 2),
    ('ZKZVGA5003925448', '2023-11-24 19:06:08', '1792728998897', 2),
    ('XRYWMT8290905527', '2023-12-21 04:48:22', '6847041149340', 2),
    ('XRYWMT8290905527', '2023-12-21 04:48:22', '9972432019843', 2),
    ('UAFKDS5028423956', '2024-01-05 02:58:00', '6495939296866', 1),
    ('UAFKDS5028423956', '2024-01-05 02:58:00', '1512202260968', 2),
    ('UAFKDS5028423956', '2024-01-05 02:58:00', '8581261964559', 1),
    ('HUOPCR6848227663', '2024-01-01 22:31:19', '3187423834262', 2),
    ('UAFKDS5028423956', '2023-07-20 01:11:08', '9546429322617', 1),
    ('UAFKDS5028423956', '2023-07-20 01:11:08', '7399603746196', 1),
    ('UAFKDS5028423956', '2023-07-20 01:11:08', '7052452078705', 1),
    ('UAFKDS5028423956', '2023-07-20 01:11:08', '6930714255993', 2),
    ('XWAPVV3930706477', '2024-04-09 00:25:09', '5302256930984', 1),
    ('EGVIMP6191484504', '2023-11-04 16:20:53', '1526104336139', 1),
    ('EGVIMP6191484504', '2023-11-04 16:20:53', '4669516803488', 1),
    ('EGVIMP6191484504', '2023-11-04 16:20:53', '3645065533683', 1),
    ('LTQKFH6294310694', '2023-06-14 06:19:13', '4359209147825', 1),
    ('LTQKFH6294310694', '2023-06-14 06:19:13', '8701802785378', 2),
    ('LTQKFH6294310694', '2023-06-14 06:19:13', '1605671384651', 1),
    ('INXCTR6415117164', '2023-10-13 18:00:46', '1214715715312', 2),
    ('INXCTR6415117164', '2023-10-13 18:00:46', '8763073019330', 1),
    ('INXCTR6415117164', '2023-10-13 18:00:46', '3983367922537', 2),
    ('INXCTR6415117164', '2023-10-13 18:00:46', '6146004923031', 2),
    ('LVLARE6664531769', '2024-04-01 12:23:27', '4096698275305', 1),
    ('LVLARE6664531769', '2024-04-01 12:23:27', '8534374430515', 2),
    ('LVLARE6664531769', '2024-04-01 12:23:27', '7275516807975', 1),
    ('NHPUWM0043341255', '2023-06-17 06:24:20', '5151149974474', 1),
    ('NHPUWM0043341255', '2023-06-17 06:24:20', '7864691624448', 2),
    ('NHPUWM0043341255', '2023-06-17 06:24:20', '2709922078239', 1),
    ('NHPUWM0043341255', '2023-06-17 06:24:20', '4883430611060', 2),
    ('WKCWUY1551429022', '2023-09-21 06:14:20', '7998499769175', 1),
    ('WKCWUY1551429022', '2023-09-21 06:14:20', '3196904004788', 1),
    ('EVYUZL5185052905', '2023-06-11 22:14:06', '5307552801985', 2),
    ('EVYUZL5185052905', '2023-06-11 22:14:06', '5602067061560', 2),
    ('EVYUZL5185052905', '2023-06-11 22:14:06', '1512202260968', 1),
    ('KASUGJ6040259126', '2023-10-19 09:52:45', '7841283032310', 1),
    ('KASUGJ6040259126', '2023-10-19 09:52:45', '4699449158599', 1),
    ('KASUGJ6040259126', '2023-10-19 09:52:45', '8506631238972', 2),
    ('ROHBKG6165637492', '2024-04-28 05:31:47', '2858501638233', 1),
    ('CIAKJK1621776077', '2024-03-02 15:23:22', '8917339139041', 1),
    ('CIAKJK1621776077', '2024-03-02 15:23:22', '3464870949193', 2),
    ('CIAKJK1621776077', '2024-03-02 15:23:22', '7057862751747', 2),
    ('CIAKJK1621776077', '2024-03-02 15:23:22', '4478354872591', 2),
    ('KRINSD5171506701', '2024-02-29 08:48:33', '4865130870104', 1),
    ('KRINSD5171506701', '2024-02-29 08:48:33', '7157474787698', 2),
    ('KRINSD5171506701', '2024-02-29 08:48:33', '6843032935735', 2),
    ('ZKZVGA5003925448', '2023-10-11 04:46:59', '7689410294217', 1),
    ('ZKZVGA5003925448', '2023-10-11 04:46:59', '7877928790586', 2),
    ('ZKZVGA5003925448', '2023-10-11 04:46:59', '4144210926547', 2),
    ('ZKZVGA5003925448', '2023-10-11 04:46:59', '5343411153181', 2),
    ('SAYOLZ9547981866', '2023-12-02 16:04:13', '8898959212164', 1),
    ('SAYOLZ9547981866', '2023-12-02 16:04:13', '8701802785378', 1),
    ('SAYOLZ9547981866', '2023-12-02 16:04:13', '8600694134836', 1),
    ('SAYOLZ9547981866', '2023-12-02 16:04:13', '9293765779012', 1),
    ('KASUGJ6040259126', '2024-04-20 01:34:16', '6650983587617', 1),
    ('KASUGJ6040259126', '2024-04-20 01:34:16', '3983367922537', 1),
    ('KASUGJ6040259126', '2024-04-20 01:34:16', '1519339797005', 1),
    ('WKCWUY1551429022', '2024-03-03 08:06:10', '4389788408017', 2),
    ('WKCWUY1551429022', '2024-03-03 08:06:10', '1079661088798', 1),
    ('WKCWUY1551429022', '2024-03-03 08:06:10', '5068554261591', 2),
    ('WKCWUY1551429022', '2024-03-03 08:06:10', '6924235960519', 2),
    ('VEYFPR5428021930', '2024-04-25 16:53:44', '1935705806986', 2),
    ('VEYFPR5428021930', '2024-04-25 16:53:44', '3629836810681', 1),
    ('VEYFPR5428021930', '2024-04-25 16:53:44', '3310983915256', 1),
    ('VEYFPR5428021930', '2024-04-25 16:53:44', '2309803165745', 2),
    ('KJHDQL7376923060', '2024-01-08 16:38:26', '7606672795967', 2),
    ('KJHDQL7376923060', '2024-01-08 16:38:26', '3540697843096', 1),
    ('KJHDQL7376923060', '2024-01-08 16:38:26', '6493472587410', 1),
    ('KJHDQL7376923060', '2024-01-08 16:38:26', '1956739934662', 2),
    ('BUMLEC6038353309', '2023-12-16 05:04:16', '6565702399469', 2),
    ('BUMLEC6038353309', '2023-12-16 05:04:16', '3143291611307', 2),
    ('BUMLEC6038353309', '2023-12-16 05:04:16', '7841283032310', 1),
    ('BUMLEC6038353309', '2023-12-16 05:04:16', '7645288239043', 2),
    ('MCLWEX9523097611', '2024-03-20 18:08:27', '4060574885574', 2),
    ('MCLWEX9523097611', '2024-03-20 18:08:27', '1289822127069', 2),
    ('HETHJG4169547377', '2023-06-03 10:02:21', '3812088079833', 1),
    ('GNSQFL1662719697', '2023-08-25 22:56:26', '4021618285601', 1),
    ('GNSQFL1662719697', '2023-08-25 22:56:26', '1807406792936', 2),
    ('KCRLDX7197669507', '2023-11-22 05:33:25', '8901083264330', 2),
    ('KCRLDX7197669507', '2023-11-22 05:33:25', '5094329487607', 1),
    ('KCRLDX7197669507', '2023-11-22 05:33:25', '9697857867615', 1),
    ('KCRLDX7197669507', '2023-11-22 05:33:25', '6454626807548', 2),
    ('FHAHAA6142564441', '2024-04-13 18:50:45', '5098946335026', 2),
    ('FHAHAA6142564441', '2024-04-13 18:50:45', '5963778025632', 2),
    ('RGCVZD3466121019', '2023-06-23 07:08:27', '1426624056804', 1),
    ('RGCVZD3466121019', '2023-06-23 07:08:27', '5081857928100', 2),
    ('RGCVZD3466121019', '2023-06-23 07:08:27', '8123494514847', 1),
    ('TLVRWY9082315482', '2023-07-11 00:52:14', '9532297840489', 2),
    ('ARGBPT3057165665', '2023-11-02 23:00:03', '1864866988442', 2),
    ('ARGBPT3057165665', '2023-11-02 23:00:03', '9580012940034', 2),
    ('ARGBPT3057165665', '2023-11-02 23:00:03', '8581261964559', 2),
    ('DEJCWT2103349499', '2023-07-18 19:43:09', '1214715715312', 1),
    ('DEJCWT2103349499', '2023-07-18 19:43:09', '6991988792956', 1),
    ('DEJCWT2103349499', '2023-07-18 19:43:09', '1902273684084', 1),
    ('DEJCWT2103349499', '2023-07-18 19:43:09', '6718253683624', 2),
    ('NSSZDP5895330165', '2023-08-12 09:17:27', '5552224936786', 1),
    ('NSSZDP5895330165', '2023-08-12 09:17:27', '3581373271843', 1),
    ('NSSZDP5895330165', '2023-08-12 09:17:27', '4142990536444', 2),
    ('DTOOHU9088237466', '2023-11-04 18:30:24', '4226313136990', 1),
    ('DTOOHU9088237466', '2023-11-04 18:30:24', '7162343375351', 1),
    ('EINLZD0009804283', '2024-02-25 22:29:28', '4376123217097', 2),
    ('EUEBST6512858790', '2023-09-25 12:47:11', '6746509961055', 1),
    ('OFAYCR9923749420', '2024-03-27 17:29:16', '6940858746122', 2),
    ('OFAYCR9923749420', '2024-03-27 17:29:16', '3629836810681', 2),
    ('OFAYCR9923749420', '2024-03-27 17:29:16', '5119560704299', 2),
    ('OFAYCR9923749420', '2024-03-27 17:29:16', '3037346525910', 2),
    ('FSCXOW3681007761', '2023-09-24 18:46:43', '1154104060576', 1),
    ('ITHWEO8515576476', '2023-07-05 10:52:27', '5081857928100', 2),
    ('ITHWEO8515576476', '2023-07-05 10:52:27', '1289822127069', 2),
    ('ITHWEO8515576476', '2023-07-05 10:52:27', '6756341263709', 2),
    ('ITHWEO8515576476', '2023-07-05 10:52:27', '8596061555116', 2),
    ('VNRENP8464793870', '2024-01-08 02:23:25', '5612152018533', 2),
    ('VNRENP8464793870', '2024-01-08 02:23:25', '4478354872591', 1),
    ('VNRENP8464793870', '2024-01-08 02:23:25', '6480662345775', 1),
    ('VNRENP8464793870', '2024-01-08 02:23:25', '3653004225426', 2),
    ('VSPMJD1308786036', '2023-08-03 03:06:58', '7923401035421', 2),
    ('VSPMJD1308786036', '2023-08-03 03:06:58', '8591359996955', 2),
    ('JZDBHC7196550933', '2024-01-31 16:24:40', '3039584313615', 2),
    ('MPJOQG0772535329', '2024-02-17 03:44:12', '4980157936773', 1),
    ('MPJOQG0772535329', '2024-02-17 03:44:12', '3121511152585', 1),
    ('MPJOQG0772535329', '2024-02-17 03:44:12', '7208725947681', 2),
    ('ZLTYKL3028498339', '2024-04-28 19:58:48', '3316029656659', 1),
    ('WSTEVP8219927317', '2023-07-09 01:04:03', '2862579001033', 2),
    ('WSTEVP8219927317', '2023-07-09 01:04:03', '5819972321768', 2),
    ('WSTEVP8219927317', '2023-07-09 01:04:03', '9532297840489', 1),
    ('HEPTTN3999783948', '2023-12-04 02:21:21', '4771728851632', 2),
    ('HEPTTN3999783948', '2023-12-04 02:21:21', '5164216520987', 1),
    ('HEPTTN3999783948', '2023-12-04 02:21:21', '4944132019531', 2),
    ('HEPTTN3999783948', '2023-12-04 02:21:21', '9262577252166', 2),
    ('LJGUWI3758601346', '2024-03-27 15:44:35', '3315228074591', 2),
    ('VOMWED8634206669', '2024-04-23 16:09:01', '7715375446904', 2),
    ('FNNPQL4737140071', '2024-02-02 06:52:38', '9667938866103', 1),
    ('FNNPQL4737140071', '2024-02-02 06:52:38', '2684621460027', 1),
    ('FNNPQL4737140071', '2024-02-02 06:52:38', '9580012940034', 1),
    ('FNNPQL4737140071', '2024-02-02 06:52:38', '7538869035029', 2),
    ('FIORVO7868190275', '2023-09-22 20:49:35', '5165189473403', 1),
    ('SAHFWB4309678132', '2023-05-21 21:29:26', '6951873402923', 1),
    ('SAHFWB4309678132', '2023-05-21 21:29:26', '9044946053531', 1);
/* FINE 4614 */
